player_id,surname,forename,player_name,player_dob,comp_rec_pos
ACourtAlan19340930,A'Court,Alan,Alan A'Court,1934-09-30,Outside Left
AdamsArthur,Adams,Arthur,Arthur Adams,,Outside Right
AdamsEdward19081112,Adams,Edward,Edward Adams,1908-11-12,Outside Right
AdkinsNigel19650311,Adkins,Nigel,Nigel Adkins,1965-03-11,Goalkeeper
AlcockEdward1914,Alcock,Edward,Edward Alcock,,Outside Left
AldridgeJohn19580918,Aldridge,John,John Aldridge,1958-09-18,Forward
AlexanderAlex19240928,Alexander,Alex,Alex Alexander,1924-09-28,Outside Left
AlldisGillie19200126,Alldis,Gillie,Gillie Alldis,1920-01-26,Right Half
AllenMark19631218,Allen,Mark,Mark Allen,1963-12-18,Forward
AllenRussell19540109,Allen,Russell,Russell Allen,1954-01-09,Forward
AlmondJohn41915,Almond,John,John Almond,,Outside Left
AmeryCharlie19100916,Amery,Charlie,Charlie Amery,1910-09-16,Left Back
AndersJimmy19280308,Anders,Jimmy,Jimmy Anders,1928-03-08,Outside Left
AndersonDoug19630829,Anderson,Doug,Doug Anderson,1963-08-29,Outside Left
AndersonTed19110717,Anderson,Ted,Ted Anderson,1911-07-17,Wing Half
ArnellAlan19331125,Arnell,Alan,Alan Arnell,1933-11-25,Center Forward
AshcroftBilly19521001,Ashcroft,Billy,Billy Ashcroft,1952-10-01,Central Defender
AshcroftLlew19210710,Ashcroft,Llew,Llew Ashcroft,1921-07-10,Outside Right
AshworthBarry19420815,Ashworth,Barry,Barry Ashworth,1942-08-15,Right Half
AspinallJohn19590315,Aspinall,John,John Aspinall,1959-03-15,Midfielder
AtkinsonHarold19250728,Atkinson,Harold,Harold Atkinson,1925-07-28,Center Forward
BainbridgeBill19220309,Bainbridge,Bill,Bill Bainbridge,1922-03-09,Inside Right
BakerHorace19100901,Baker,Horace,Horace Baker,1910-09-01,Outside Right
BaldwinEdmund31910,Baldwin,Edmund,Edmund Baldwin,,Center Forward
BamberJack18950411,Bamber,Jack,Jack Bamber,1895-04-11,Center Half
BarnettGraham19360517,Barnett,Graham,Graham Barnett,1936-05-17,Inside Forward
BarrettArthur19271221,Barrett,Arthur,Arthur Barrett,1927-12-21,Half Back
BarrieJohn19250517,Barrie,John,John Barrie,1925-05-17,Fullback
BartonTeddy11904,Barton,Teddy,Teddy Barton,,Right Half
BauressGary19710119,Bauress,Gary,Gary Bauress,1971-01-19,Center Half
BavinJohn19210525,Bavin,John,John Bavin,1921-05-25,Fullback
BeamishKenny19470825,Beamish,Kenny,Kenny Beamish,1947-08-25,Forward
BedfordFred19020625,Bedford,Fred,Fred Bedford,1902-06-25,Outside Right
BellBunny19110410,Bell,Bunny,Bunny Bell,1911-04-10,Center Forward
BellGraham19550330,Bell,Graham,Graham Bell,1955-03-30,Midfielder
BellHarold19241122,Bell,Harold,Harold Bell,1924-11-22,Center Half
BennettGary19630920,Bennett,Gary,Gary Bennett,1963-09-20,Forward
BestJohn19400711,Best,John,John Best,1940-07-11,Half Back
BeswickSammy19030308,Beswick,Sammy,Sammy Beswick,1903-03-08,Center Forward
BevanHarry19060223,Bevan,Harry,Harry Bevan,1906-02-23,Inside Left
BillingtonStan19370223,Billington,Stan,Stan Billington,1937-02-23,Fullback
BirminghamCharles19220824,Birmingham,Charles,Charles Birmingham,1922-08-24,Inside Forward
BirtlesDanny19040224,Birtles,Danny,Danny Birtles,1904-02-24,Outside Right
BishopEddie19621128,Bishop,Eddie,Eddie Bishop,1962-11-28,Midfielder
BlundellAlan19470818,Blundell,Alan,Alan Blundell,1947-08-18,Half Back
BonettiIvano19640801,Bonetti,Ivano,Ivano Bonetti,1964-08-01,Winger
BowenWilliam19090316,Bowen,William,William Bowen,1909-03-16,Center Forward
BracewellKen19361005,Bracewell,Ken,Ken Bracewell,1936-10-05,Fullback
BradshawGeorge19040312,Bradshaw,George,George Bradshaw,1904-03-12,Left Back
BradshawHarry18950122,Bradshaw,Harry,Harry Bradshaw,1895-01-22,Goalkeeper
BramhallJohn19561120,Bramhall,John,John Bramhall,1956-11-20,Center Half
BranchGraham19720212,Branch,Graham,Graham Branch,1972-02-12,Winger
BrannanGed19720115,Brannan,Ged,Ged Brannan,1972-01-15,Fullback
BrennanMike19410506,Brennan,Mike,Mike Brennan,1941-05-06,Fullback
BridgesHarold19150630,Bridges,Harold,Harold Bridges,1915-06-30,Inside Left
BriggsArthur19000527,Briggs,Arthur,Arthur Briggs,1900-05-27,Goalkeeper
BrodieEric19401108,Brodie,Eric,Eric Brodie,1940-11-08,Wing Half
BrownAndy19630817,Brown,Andy,Andy Brown,1963-08-17,Defender
BrownDave19631021,Brown,Dave,Dave Brown,1963-10-21,Defender
BrownJack,Brown,Jack,Jack Brown,,Inside Forward
BrownJock19350402,Brown,Jock,Jock Brown,1935-04-02,Left Back
BrownOwen19600904,Brown,Owen,Owen Brown,1960-09-04,Forward
BrownSamuel19080501,Brown,Samuel,Samuel Brown,1908-05-01,Inside Right
BuchanTom31889,Buchan,Tom,Tom Buchan,,Right Half
BuckleyTed19120913,Buckley,Ted,Ted Buckley,1912-09-13,Center Forward
BullockSteve19661005,Bullock,Steve,Steve Bullock,1966-10-05,Defender
BulloughDenis18951129,Bullough,Denis,Denis Bullough,1895-11-29,Center Forward
BurgessDavid19600120,Burgess,David,David Burgess,1960-01-20,Left Back
BurginMeynell19111129,Burgin,Meynell,Meynell Burgin,1911-11-29,Center Forward
BurkeMarshall19590326,Burke,Marshall,Marshall Burke,1959-03-26,Defender
BurnsKinear19230924,Burns,Kinear,Kinear Burns,1923-09-24,Outside Right
BurrowsWilf11902,Burrows,Wilf,Wilf Burrows,,Goalkeeper
ButlerCharles19080320,Butler,Charles,Charles Butler,1908-03-20,Inside Right
ByrneJohn19390525,Byrne,John,John Byrne,1939-05-25,Outside Left
ByrneJohn19490324,Byrne,John,John Byrne,1949-03-24,Outside Right
ByromTom19200317,Byrom,Tom,Tom Byrom,1920-03-17,Wing Half
CahillPaul19550929,Cahill,Paul,Paul Cahill,1955-09-29,Defender
CamdenChris19630528,Camden,Chris,Chris Camden,1963-05-28,Center Forward
CampbellJohnny18941014,Campbell,Johnny,Johnny Campbell,1894-10-14,Wing Half
CampbellLes19350726,Campbell,Les,Les Campbell,1935-07-26,Winger
CampbellTommy19350220,Campbell,Tommy,Tommy Campbell,1935-02-20,Center Forward
CarlsonGeorge19250727,Carlson,George,George Carlson,1925-07-27,Center Forward
CarmodyMike19660209,Carmody,Mike,Mike Carmody,1966-02-09,Midfielder
CarterJoseph18990727,Carter,Joseph,Joseph Carter,1899-07-27,Inside Right
CartmanBert19000228,Cartman,Bert,Bert Cartman,1900-02-28,Outside Left
CartwrightWilliam19220611,Cartwright,William,William Cartwright,1922-06-11,Center Half
CarvellArthur19110526,Carvell,Arthur,Arthur Carvell,1911-05-26,Left Back
CaseyGerry19410825,Casey,Gerry,Gerry Casey,1941-08-25,Half Back
CassidyJames,Cassidy,James,James Cassidy,,Inside Left
ChadwickHarold19190125,Chadwick,Harold,Harold Chadwick,1919-01-25,Outside Right
ChallinorDave19751002,Challinor,Dave,Dave Challinor,1975-10-02,Central Defender
ChalmersBilly19010403,Chalmers,Billy,Billy Chalmers,1901-04-03,Outside Left
ChamberlainAlec19640620,Chamberlain,Alec,Alec Chamberlain,1964-06-20,Goalkeeper
CharltonBilly19001010,Charlton,Billy,Billy Charlton,1900-10-10,Inside Left
CharltonWilf19330912,Charlton,Wilf,Wilf Charlton,1933-09-12,Wing Half
ChecklandFrank18950731,Checkland,Frank,Frank Checkland,1895-07-31,Half Back
ChivertonTed11913,Chiverton,Ted,Ted Chiverton,,Right Half
ClarkArchie19020404,Clark,Archie,Archie Clark,1902-04-04,Center Half
ClarkeColin19621030,Clarke,Colin,Colin Clarke,1962-10-30,Center Forward
ClaytonGordon19361103,Clayton,Gordon,Gordon Clayton,1936-11-03,Goalkeeper
ClaytonJohn19610820,Clayton,John,John Clayton,1961-08-20,Forward
CliffEddie19510930,Cliff,Eddie,Eddie Cliff,1951-09-30,Midfielder
ClintonTommy19260413,Clinton,Tommy,Tommy Clinton,1926-04-13,Fullback
ColemanTony19450502,Coleman,Tony,Tony Coleman,1945-05-02,Outside Left
CollingsPaul19680930,Collings,Paul,Paul Collings,1968-09-30,Goalkeeper
ConnerDick19310813,Conner,Dick,Dick Conner,1931-08-13,Wing Half
ConnorBill,Connor,Bill,Bill Connor,,Right Back
ConnorJohn19140201,Connor,John,John Connor,1914-02-01,Fullback
ConroyBobby19290620,Conroy,Bobby,Bobby Conroy,1929-06-20,Left Back
CookFred,Cook,Fred,Fred Cook,,Outside Right
CookGeorge1909,Cook,George,George Cook,,Fullback
CookPaul19670222,Cook,Paul,Paul Cook,1967-02-22,Midfielder
CooperSteve19640622,Cooper,Steve,Steve Cooper,1964-06-22,Forward
CoppellSteve19550709,Coppell,Steve,Steve Coppell,1955-07-09,Outside Right
CoxAlan19200904,Cox,Alan,Alan Cox,1920-09-04,Inside Forward
CoyneDanny19730827,Coyne,Danny,Danny Coyne,1973-08-27,Goalkeeper
CoyneJohn19510718,Coyne,John,John Coyne,1951-07-18,Forward
CoyneTommy19621114,Coyne,Tommy,Tommy Coyne,1962-11-14,Forward
CravenSteve19570917,Craven,Steve,Steve Craven,1957-09-17,Midfielder
CrawfordBruce19381010,Crawford,Bruce,Bruce Crawford,1938-10-10,Wing Half
CreweBilly19011126,Crewe,Billy,Billy Crewe,1901-11-26,Right Half
CromptonArthur19030109,Crompton,Arthur,Arthur Crompton,1903-01-09,Wing Half
CropperReg19020121,Cropper,Reg,Reg Cropper,1902-01-21,Inside Left
CrossanEddie19251117,Crossan,Eddie,Eddie Crossan,1925-11-17,Inside Forward
CrossleyPaul19480714,Crossley,Paul,Paul Crossley,1948-07-14,Forward
CrowtherGeorge21892,Crowther,George,George Crowther,,Center Forward
CrutchleyVic31910,Crutchley,Vic,Vic Crutchley,,Right Back
CumbesJim19440504,Cumbes,Jim,Jim Cumbes,1944-05-04,Goalkeeper
CunninghamCharlie,Cunningham,Charlie,Charlie Cunningham,,Inside Left
CurnowJack19100131,Curnow,Jack,Jack Curnow,1910-01-31,Goalkeeper
CurranFrank19170531,Curran,Frank,Frank Curran,1917-05-31,Inside Forward
CurtisCharlie,Curtis,Charlie,Charlie Curtis,,Wing Half
DArcyFrank19461208,D'Arcy,Frank,Frank D'Arcy,1946-12-08,Fullback
DaleDickie18960521,Dale,Dickie,Dickie Dale,1896-05-21,Center Half
DaltonTim19651014,Dalton,Tim,Tim Dalton,1965-10-14,Goalkeeper
DaviesDai19480401,Davies,Dai,Dai Davies,1948-04-01,Goalkeeper
DaviesErnie,Davies,Ernie,Ernie Davies,,Right Half
DaviesKeith19340219,Davies,Keith,Keith Davies,1934-02-19,Inside Forward
DaviesRay19311003,Davies,Ray,Ray Davies,1931-10-03,Inside Forward
DavisSamuel19000525,Davis,Samuel,Samuel Davis,1900-05-25,Right Back
DavisThomas1911,Davis,Thomas,Thomas Davis,,Inside Right
DawsonFrank19081017,Dawson,Frank,Frank Dawson,1908-10-17,Left Back
DayAlf19071002,Day,Alf,Alf Day,1907-10-02,Right Half
DeanDixie19070122,Dean,Dixie,Dixie Dean,1907-01-22,Center Forward
DellowRonnie19140713,Dellow,Ronnie,Ronnie Dellow,1914-07-13,Outside Right
DemaineDave19420507,Demaine,Dave,Dave Demaine,1942-05-07,Winger
DempseyJohn19510402,Dempsey,John,John Dempsey,1951-04-02,Fullback
DillonVince19231002,Dillon,Vince,Vince Dillon,1923-10-02,Center Forward
DixonErnie19010710,Dixon,Ernie,Ernie Dixon,1901-07-10,Center Forward
DockingStan19141213,Docking,Stan,Stan Docking,1914-12-13,Inside Left
DoddErnie19140501,Dodd,Ernie,Ernie Dodd,1914-05-01,Right Back
DoddJim19331212,Dodd,Jim,Jim Dodd,1933-12-12,Center Forward
DoneCyril19201021,Done,Cyril,Cyril Done,1920-10-21,Center Forward
DoonanTom19221005,Doonan,Tom,Tom Doonan,1922-10-05,Center Forward
DuffStanley11919,Duff,Stanley,Stanley Duff,,Outside Left
DuffyAlan19491220,Duffy,Alan,Alan Duffy,1949-12-20,Inside Forward
DysonBarry19420906,Dyson,Barry,Barry Dyson,1942-09-06,Inside Forward
EasthamHarry19170630,Eastham,Harry,Harry Eastham,1917-06-30,Inside Left
EatonSteve19591225,Eaton,Steve,Steve Eaton,1959-12-25,Defender
EdenBilly19050701,Eden,Billy,Billy Eden,1905-07-01,Outside Left
EdwardsElfyn19600504,Edwards,Elfyn,Elfyn Edwards,1960-05-04,Center Half
EdwardsMalcolm19391025,Edwards,Malcolm,Malcolm Edwards,1939-10-25,Left Half
EdwardsMike19740910,Edwards,Mike,Mike Edwards,1974-09-10,Midfielder
EdwardsSteve19580111,Edwards,Steve,Steve Edwards,1958-01-11,Defender
EdwardsWilliam,Edwards,William,William Edwards,,Right Half
EglingtonTommy19230115,Eglington,Tommy,Tommy Eglington,1923-01-15,Outside Left
EllisonNorman19291102,Ellison,Norman,Norman Ellison,1929-11-02,Outside Right
EndersbyScott19620220,Endersby,Scott,Scott Endersby,1962-02-20,Goalkeeper
EvansBernard19370104,Evans,Bernard,Bernard Evans,1937-01-04,Center Forward
EvansClive19570501,Evans,Clive,Clive Evans,1957-05-01,Midfielder
EvansDennis19350723,Evans,Dennis,Dennis Evans,1935-07-23,Fullback
EvansHerbie18940830,Evans,Herbie,Herbie Evans,1894-08-30,Half Back
EvansJabez18950429,Evans,Jabez,Jabez Evans,1895-04-29,Outside Left
FaganKit19500605,Fagan,Kit,Kit Fagan,1950-06-05,Wing Half
FaircloughDavid19570105,Fairclough,David,David Fairclough,1957-01-05,Forward
FaircloughPeter,Fairclough,Peter,Peter Fairclough,,Left Half
FairhurstDick19110905,Fairhurst,Dick,Dick Fairhurst,1911-09-05,Right Back
FarnworthSimon19631028,Farnworth,Simon,Simon Farnworth,1963-10-28,Goalkeeper
FarrellPeter19220816,Farrell,Peter,Peter Farrell,1922-08-16,Wing Half
FarrimondSyd19400717,Farrimond,Syd,Syd Farrimond,1940-07-17,Left Back
FergusonMark19601106,Ferguson,Mark,Mark Ferguson,1960-11-06,Forward
FinlayPat19380318,Finlay,Pat,Pat Finlay,1938-03-18,Left Back
FinneyKen19290310,Finney,Ken,Ken Finney,1929-03-10,Outside Right
FishwickBert11899,Fishwick,Bert,Bert Fishwick,,Inside Left
FlanaganJack11902,Flanagan,Jack,Jack Flanagan,,Center Forward
FlemingMike19280223,Fleming,Mike,Mike Fleming,1928-02-23,Inside Forward
FloodEddie19521119,Flood,Eddie,Eddie Flood,1952-11-19,Fullback
FlowersGeorge19070507,Flowers,George,George Flowers,1907-05-07,Left Half
FoggBilly19030309,Fogg,Billy,Billy Fogg,1903-03-09,Inside Right
FordJohn,Ford,John,John Ford,,Inside Right
ForshawAllen,Forshaw,Allen,Allen Forshaw,,Right Back
ForshawArthur31913,Forshaw,Arthur,Arthur Forshaw,,Outside Right
FosterWilliam,Foster,William,William Foster,,Center Forward
FraserNathan19130416,Fraser,Nathan,Nathan Fraser,1913-04-16,Center Forward
FrithDavid19290317,Frith,David,David Frith,1929-03-17,Fullback
FrostWinston21911,Frost,Winston,Winston Frost,,Goalkeeper
FryeJohn19330727,Frye,John,John Frye,1933-07-27,Inside Forward
FultonDavid18951016,Fulton,David,David Fulton,1895-10-16,Center Forward
GarnettShaun19691122,Garnett,Shaun,Shaun Garnett,1969-11-22,Central Defender
GaskellAlec19320730,Gaskell,Alec,Alec Gaskell,1932-07-30,Center Forward
GibsonWilliam19260917,Gibson,William,William Gibson,1926-09-17,Fullback
GillFrancis11897,Gill,Francis,Francis Gill,,Goalkeeper
GillFrank19481205,Gill,Frank,Frank Gill,1948-12-05,Winger
GlasperWilliam41910,Glasper,William,William Glasper,,Right Half
GlennonChris19491029,Glennon,Chris,Chris Glennon,1949-10-29,Forward
GodwinVerdi19260211,Godwin,Verdi,Verdi Godwin,1926-02-11,Center Forward
GoodJohn19330129,Good,John,John Good,1933-01-29,Outside Right
GoodlassRonnie19530906,Goodlass,Ronnie,Ronnie Goodlass,1953-09-06,Outside Left
GortonAndy19660923,Gorton,Andy,Andy Gorton,1966-09-23,Goalkeeper
GouldHarry19250105,Gould,Harry,Harry Gould,1925-01-05,Inside Forward
GrahamBobby19441122,Graham,Bobby,Bobby Graham,1944-11-22,Forward
GraingerJohn1896,Grainger,John,John Grainger,,Right Back
GrayAlbert19000923,Gray,Albert,Albert Gray,1900-09-23,Goalkeeper
GrayMatthew19070418,Gray,Matthew,Matthew Gray,1907-04-18,Left Half
GrayRobert19031007,Gray,Robert,Robert Gray,1903-10-07,Left Half
GreenJohnny19390522,Green,Johnny,Johnny Green,1939-05-22,Inside Forward
GreenwoodRoy19520926,Greenwood,Roy,Roy Greenwood,1952-09-26,Forward
GriersonDarrell19681030,Grierson,Darrell,Darrell Grierson,1968-10-30,Goalkeeper
GriffithsClive19550122,Griffiths,Clive,Clive Griffiths,1955-01-22,Central Defender
GriffithsDavid19510525,Griffiths,David,David Griffiths,1951-05-25,Fullback
GriffithsIan19600417,Griffiths,Ian,Ian Griffiths,1960-04-17,Outside Left
GriffithsJames1918,Griffiths,James,James Griffiths,,Outside Left
GriffithsJoe1892,Griffiths,Joe,Joe Griffiths,,Outside Left
GrovesFred18920506,Groves,Fred,Fred Groves,1892-05-06,Inside Right
GubbinsRalph19320131,Gubbins,Ralph,Ralph Gubbins,1932-01-31,Inside Forward
GwatkinPhil19290805,Gwatkin,Phil,Phil Gwatkin,1929-08-05,Outside Right
HaganAlf18931111,Hagan,Alf,Alf Hagan,1893-11-11,Inside Forward
HallTony19690117,Hall,Tony,Tony Hall,1969-01-17,Defender
HalsteadFred41896,Halstead,Fred,Fred Halstead,,Center Half
HamiltonBryan19461221,Hamilton,Bryan,Bryan Hamilton,1946-12-21,Midfielder
HamiltonDuke19060327,Hamilton,Duke,Duke Hamilton,1906-03-27,Right Back
HarlockDes19221220,Harlock,Des,Des Harlock,1922-12-20,Outside Right
HarrisAlbert19311121,Harris,Albert,Albert Harris,1931-11-21,Goalkeeper
HarrisJimmy19330818,Harris,Jimmy,Jimmy Harris,1933-08-18,Center Forward
HarropBobby19360825,Harrop,Bobby,Bobby Harrop,1936-08-25,Wing Half
HarveyJimmy19580502,Harvey,Jimmy,Jimmy Harvey,1958-05-02,Midfielder
HawardenAndrew18950630,Hawarden,Andrew,Andrew Hawarden,1895-06-30,Left Half
HayAlan19581128,Hay,Alan,Alan Hay,1958-11-28,Left Back
HayesCharlie18931207,Hayes,Charlie,Charlie Hayes,1893-12-07,Right Back
HayesFred,Hayes,Fred,Fred Hayes,,Inside Left
HayesJohn,Hayes,John,John Hayes,,Inside Forward
HeapStuart19650207,Heap,Stuart,Stuart Heap,1965-02-07,Forward
HeathJohn19360605,Heath,John,John Heath,1936-06-05,Goalkeeper
HeathSeamus19611206,Heath,Seamus,Seamus Heath,1961-12-06,Midfielder
HenshawErnie19101128,Henshaw,Ernie,Ernie Henshaw,1910-11-28,Center Forward
HeslopTom,Heslop,Tom,Tom Heslop,,Left Half
HeydonJackie19281019,Heydon,Jackie,Jackie Heydon,1928-10-19,Right Half
HeywoodBert31913,Heywood,Bert,Bert Heywood,,Outside Right
HicksonDave19291030,Hickson,Dave,Dave Hickson,1929-10-30,Center Forward
HigginsDave19610819,Higgins,Dave,Dave Higgins,1961-08-19,Central Defender
HilditchMark19600820,Hilditch,Mark,Mark Hilditch,1960-08-20,Center Forward
HillAlan19330701,Hill,Alan,Alan Hill,1933-07-01,Outside Left
HillMandy19400215,Hill,Mandy,Mandy Hill,1940-02-15,Outside Right
HillReginald1907,Hill,Reginald,Reginald Hill,,Center Half
HiltonHarold18891113,Hilton,Harold,Harold Hilton,1889-11-13,Inside Right
HinchJimmy19471108,Hinch,Jimmy,Jimmy Hinch,1947-11-08,Center Forward
HodgsonLaurie19170119,Hodgson,Laurie,Laurie Hodgson,1917-01-19,Fullback
HolderAlan19311210,Holder,Alan,Alan Holder,1931-12-10,Forward
HollifieldMike19610502,Hollifield,Mike,Mike Hollifield,1961-05-02,Fullback
HoodJackie19380108,Hood,Jackie,Jackie Hood,1938-01-08,Inside Forward
HopkinsonSamuel19020209,Hopkinson,Samuel,Samuel Hopkinson,1902-02-09,Left Half
HornbyEric19230331,Hornby,Eric,Eric Hornby,1923-03-31,Fullback
HorwoodNeil19640804,Horwood,Neil,Neil Horwood,1964-08-04,Center Forward
HudsonGeorge19370314,Hudson,George,George Hudson,1937-03-14,Center Forward
HughesDavid19430427,Hughes,David,David Hughes,1943-04-27,Winger
HughesMark19620203,Hughes,Mark,Mark Hughes,1962-02-03,Central Defender
HughesThomas,Hughes,Thomas,Thomas Hughes,,Outside Left
HuntRobert,Hunt,Robert,Robert Hunt,,Outside Right
HutchinsonBobby19530619,Hutchinson,Bobby,Bobby Hutchinson,1953-06-19,Midfielder
HyamJames,Hyam,James,James Hyam,,Center Forward
IcetonLloyd19200330,Iceton,Lloyd,Lloyd Iceton,1920-03-30,Outside Left
ImlachMike19620919,Imlach,Mike,Mike Imlach,1962-09-19,Defender
IronsKenny19701104,Irons,Kenny,Kenny Irons,1970-11-04,Midfielder
JackAndrew19230630,Jack,Andrew,Andrew Jack,1923-06-30,Center Forward
JacksonArchie19010125,Jackson,Archie,Archie Jackson,1901-01-25,Center Half
JacksonDavid19370123,Jackson,David,David Jackson,1937-01-23,Inside Forward
JacksonGeorge18930617,Jackson,George,George Jackson,1893-06-17,Fullback
JacksonJimmy18960414,Jackson,Jimmy,Jimmy Jackson,1896-04-14,Inside Forward
JacksonPeter19370123,Jackson,Peter,Peter Jackson,1937-01-23,Center Half
JacksonWilliam,Jackson,William,William Jackson,,Fullback
JacksonWiliam19241208,Jackson,Wiliam,Wiliam Jackson,1924-12-08,Half Back
JamesJohn19481024,James,John,John James,1948-10-24,Forward
JeffesAlbert18971001,Jeffes,Albert,Albert Jeffes,1897-10-01,Half Back
JohnsonBrian19481029,Johnson,Brian,Brian Johnson,1948-10-29,Half Back
JohnsonDavid19510417,Johnson,David,David Johnson,1951-04-17,Goalkeeper
JohnsonDickie19530220,Johnson,Dickie,Dickie Johnson,1953-02-20,Goalkeeper
JohnsonJohn41906,Johnson,John,John Johnson,,Half Back
JohnstoneRobert19180913,Johnstone,Robert,Robert Johnstone,1918-09-13,Fullback
JolleyCharlie19360303,Jolley,Charlie,Charlie Jolley,1936-03-03,Center Forward
JonesBenny19200323,Jones,Benny,Benny Jones,1920-03-23,Winger
JonesDerek19290424,Jones,Derek,Derek Jones,1929-04-24,Fullback
JonesGary19750510,Jones,Gary,Gary Jones,1975-05-10,Center Forward
JonesGwyn11912,Jones,Gwyn,Gwyn Jones,,Left Back
JonesLee19730529,Jones,Lee,Lee Jones,1973-05-29,Forward
JonesLes19401109,Jones,Les,Les Jones,1940-11-09,Inside Right
JonesMartin19750327,Jones,Martin,Martin Jones,1975-03-27,Goalkeeper
JonesOssie19090115,Jones,Ossie,Ossie Jones,1909-01-15,Inside Right
JonesRobert1911,Jones,Robert,Robert Jones,,Left Back
JonesTommy19091206,Jones,Tommy,Tommy Jones,1909-12-06,Outside Right
JoyBrian19510226,Joy,Brian,Brian Joy,1951-02-26,Fullback
KearneySidney19170328,Kearney,Sidney,Sidney Kearney,1917-03-28,Inside Left
KearnsJack1915,Kearns,Jack,Jack Kearns,,Right Back
KellyCharles18940614,Kelly,Charles,Charles Kelly,1894-06-14,Inside Right
KellyJohn19601020,Kelly,John,John Kelly,1960-10-20,Inside Forward
KellyNoel19211228,Kelly,Noel,Noel Kelly,1921-12-28,Inside Forward
KellyRobert19641221,Kelly,Robert,Robert Kelly,1964-12-21,Midfielder
KennedyAndy18950901,Kennedy,Andy,Andy Kennedy,1895-09-01,Left Back
KennedyDavid19490214,Kennedy,David,David Kennedy,1949-02-14,Outside Right
KennedyJack,Kennedy,Jack,Jack Kennedy,,Inside Left
KennyBilly19511023,Kenny,Billy,Billy Kenny,1951-10-23,Midfielder
KenworthyJon19740818,Kenworthy,Jon,Jon Kenworthy,1974-08-18,Outside Right
KerrJohn19591123,Kerr,John,John Kerr,1959-11-23,Center Forward
KiddJackie19360115,Kidd,Jackie,Jackie Kidd,1936-01-15,Forward
KieranLen19260725,Kieran,Len,Len Kieran,1926-07-25,Left Half
KimberleyJohn21899,Kimberley,John,John Kimberley,,Center Forward
KingAlan19450118,King,Alan,Alan King,1945-01-18,Left Half
KingHerbert11911,King,Herbert,Herbert King,,Inside Forward
KingJohnny19380415,King,Johnny,Johnny King,1938-04-15,Wing Half
KinsellaPat19431108,Kinsella,Pat,Pat Kinsella,1943-11-08,Forward
KitchingHarry31905,Kitching,Harry,Harry Kitching,,Inside Forward
KnappTony19361013,Knapp,Tony,Tony Knapp,1936-10-13,Center Half
LambHarry19250603,Lamb,Harry,Harry Lamb,1925-06-03,Forward
LamontBill19261225,Lamont,Bill,Bill Lamont,1926-12-25,Fullback
LancasterDes19370716,Lancaster,Des,Des Lancaster,1937-07-16,Outside Left
LaneFrankie19480720,Lane,Frankie,Frankie Lane,1948-07-20,Goalkeeper
LawrenceTommy19400514,Lawrence,Tommy,Tommy Lawrence,1940-05-14,Goalkeeper
LeCornuCraig19600917,Le Cornu,Craig,Craig Le Cornu,1960-09-17,Midfielder
LearyRex41897,Leary,Rex,Rex Leary,,Center Half
LeeAndy19620914,Lee,Andy,Andy Lee,1962-09-14,Midfielder
LeemingCliff19200202,Leeming,Cliff,Cliff Leeming,1920-02-02,Inside Forward
LeonardMark19620927,Leonard,Mark,Mark Leonard,1962-09-27,Center Forward
LeslieAlex1902,Leslie,Alex,Alex Leslie,,Right Half
LewinsGeorge19060716,Lewins,George,George Lewins,1906-07-16,Right Back
LewisCyril19090410,Lewis,Cyril,Cyril Lewis,1909-04-10,Outside Right
LewisGinger11902,Lewis,Ginger,Ginger Lewis,,Left Half
LewisJoseph,Lewis,Joseph,Joseph Lewis,,Right Back
LewisNorman19080613,Lewis,Norman,Norman Lewis,1908-06-13,Goalkeeper
LeylandHarry19300512,Leyland,Harry,Harry Leyland,1930-05-12,Goalkeeper
LittlehalesHarry19010826,Littlehales,Harry,Harry Littlehales,1901-08-26,Inside Forward
LivingstoneDuggie18980225,Livingstone,Duggie,Duggie Livingstone,1898-02-25,Left Back
LloydEvan,Lloyd,Evan,Evan Lloyd,,Center Forward
LloydHarold19200312,Lloyd,Harold,Harold Lloyd,1920-03-12,Goalkeeper
LomaxJohn,Lomax,John,John Lomax,,Inside Left
LorensonRoy19320408,Lorenson,Roy,Roy Lorenson,1932-04-08,Center Half
LornieJack19390302,Lornie,Jack,Jack Lornie,1939-03-02,Outside Right
LoydenEddie19451222,Loyden,Eddie,Eddie Loyden,1945-12-22,Center Forward
LumbyJim19541002,Lumby,Jim,Jim Lumby,1954-10-02,Forward
MackayWilliam,Mackay,William,William Mackay,,Outside Right
MaddocksEmlyn19170706,Maddocks,Emlyn,Emlyn Maddocks,1917-07-06,Center Forward
MaherAiden19461201,Maher,Aiden,Aiden Maher,1946-12-01,Outside Left
MaherCyril21918,Maher,Cyril,Cyril Maher,,Outside Right
MahonAlan19780404,Mahon,Alan,Alan Mahon,1978-04-04,Midfielder
MajorBill19110114,Major,Bill,Bill Major,1911-01-14,Center Half
MalcolmJohn19170520,Malcolm,John,John Malcolm,1917-05-20,Half Back
MalkinChris19670604,Malkin,Chris,Chris Malkin,1967-06-04,Striker
ManningJohn19401211,Manning,John,John Manning,1940-12-11,Center Forward
MarquisFred18990615,Marquis,Fred,Fred Marquis,1899-06-15,Center Forward
MartinBarrie19350929,Martin,Barrie,Barrie Martin,1935-09-29,Left Back
MartindaleDave19640409,Martindale,Dave,Dave Martindale,1964-04-09,Midfielder
MathiasRay19461213,Mathias,Ray,Ray Mathias,1946-12-13,Fullback
MatthewsVince18960115,Matthews,Vince,Vince Matthews,1896-01-15,Center Half
MaysonJohn19081024,Mayson,John,John Mayson,1908-10-24,Outside Left
MeacockBob19100726,Meacock,Bob,Bob Meacock,1910-07-26,Right Half
MercerJoe18900721,Mercer,Joe,Joe Mercer,1890-07-21,Center Half
MestonSammy19020530,Meston,Sammy,Sammy Meston,1902-05-30,Outside Right
MillerAlforth19140927,Miller,Alforth,Alforth Miller,1914-09-27,Inside Right
MillerDave19640108,Miller,Dave,Dave Miller,1964-01-08,Midfielder
MillerWilliam19100719,Miller,William,William Miller,1910-07-19,Inside Right
MillingtonRalph19300618,Millington,Ralph,Ralph Millington,1930-06-18,Center Half
MilnerJimmy19330203,Milner,Jimmy,Jimmy Milner,1933-02-03,Forward
MilnesCharles21885,Milnes,Charles,Charles Milnes,,Center Half
MitchellBarrie19470315,Mitchell,Barrie,Barrie Mitchell,1947-03-15,Forward
MitchellFrank18900525,Mitchell,Frank,Frank Mitchell,1890-05-25,Goalkeeper
MolyneuxBernard19330917,Molyneux,Bernard,Bernard Molyneux,1933-09-17,Fullback
MolyneuxFred19440725,Molyneux,Fred,Fred Molyneux,1944-07-25,Center Half
MooneyKevin19590823,Mooney,Kevin,Kevin Mooney,1959-08-23,Defender
MoorcroftDave19470316,Moorcroft,Dave,Dave Moorcroft,1947-03-16,Wing Half
MooreEric19260716,Moore,Eric,Eric Moore,1926-07-16,Left Back
ThomasMooreIan19760826,Thomas-Moore,Ian,Ian Thomas-Moore,1976-08-26,Striker
MooreMalcolm19481218,Moore,Malcolm,Malcolm Moore,1948-12-18,Center Forward
MoorePatrick1909,Moore,Patrick,Patrick Moore,,Center Half
MooreRonnie19530129,Moore,Ronnie,Ronnie Moore,1953-01-29,Center Forward
MoorhouseGeorge19010404,Moorhouse,George,George Moorhouse,1901-04-04,Outside Left
MoretonJimmy18910922,Moreton,Jimmy,Jimmy Moreton,1891-09-22,Outside Right
MorganAlan19731102,Morgan,Alan,Alan Morgan,1973-11-02,Midfielder
MorleyBrian19601004,Morley,Brian,Brian Morley,1960-10-04,Defender
MorrisseyJohnny19650308,Morrissey,Johnny,Johnny Morrissey,1965-03-08,Outside Right
MountfieldDerek19621102,Mountfield,Derek,Derek Mountfield,1962-11-02,Center Half
MuirIan19630505,Muir,Ian,Ian Muir,1963-05-05,Striker
MulkerrinJimmy19311225,Mulkerrin,Jimmy,Jimmy Mulkerrin,1931-12-25,Inside Forward
MungallSteve19580522,Mungall,Steve,Steve Mungall,1958-05-22,Fullback
MurphyBill18950323,Murphy,Bill,Bill Murphy,1895-03-23,Outside Left
MurrayEddie19620710,Murray,Eddie,Eddie Murray,1962-07-10,Outside Right
MurrayTommy19330114,Murray,Tommy,Tommy Murray,1933-01-14,Outside Right
MycockTom19230822,Mycock,Tom,Tom Mycock,1923-08-22,Inside Forward
MacDonaldJohn19210901,MacDonald,John,John MacDonald,1921-09-01,Fullback
MacDonaldWillie,MacDonald,Willie,Willie MacDonald,,Inside Right
MacNameeJohn19420731,MacNamee,John,John MacNamee,1942-07-31,Winger
McAuleyHughie19530108,McAuley,Hughie,Hughie McAuley,1953-01-08,Outside Left
McBennettSeamus19251116,McBennett,Seamus,Seamus McBennett,1925-11-16,Outside Right
McBurneyMike19530912,McBurney,Mike,Mike McBurney,1953-09-12,Forward
McCarrickMark19620204,McCarrick,Mark,Mark McCarrick,1962-02-04,Left Back
McDevittKenny19290304,McDevitt,Kenny,Kenny McDevitt,1929-03-04,Outside Right
McDonnellCharlie19360715,McDonnell,Charlie,Charlie McDonnell,1936-07-15,Inside Forward
McFarlandRoy19480405,McFarland,Roy,Roy McFarland,1948-04-05,Center Half
McGraeJoe19031024,McGrae,Joe,Joe McGrae,1903-10-24,Left Half
McGrealJohn19720602,McGreal,John,John McGreal,1972-06-02,Central Defender
McGuganJackie19390612,McGugan,Jackie,Jackie McGugan,1939-06-12,Center Half
McGuireReg19590824,McGuire,Reg,Reg McGuire,1959-08-24,Defender
McKayJames19180611,McKay,James,James McKay,1918-06-11,Center Forward
McKennaKenny19600702,McKenna,Kenny,Kenny McKenna,1960-07-02,Center Forward
McLarenHugh19010113,McLaren,Hugh,Hugh McLaren,1901-01-13,Right Half
McLellanAlistair19220416,McLellan,Alistair,Alistair McLellan,1922-04-16,Inside Forward
McMahonJohn19491207,McMahon,John,John McMahon,1949-12-07,Fullback
McManusEric19501114,McManus,Eric,Eric McManus,1950-11-14,Goalkeeper
McMullenIan19651117,McMullen,Ian,Ian McMullen,1965-11-17,Forward
McMurrayTom19110724,McMurray,Tom,Tom McMurray,1911-07-24,Outside Right
McNabNeil19570604,McNab,Neil,Neil McNab,1957-06-04,Midfielder
McNamaraDennis19350308,McNamara,Dennis,Dennis McNamara,1935-03-08,Outside Right
McVicarDon19621106,McVicar,Don,Don McVicar,1962-11-06,Defender
NaylorTommy,Naylor,Tommy,Tommy Naylor,,Fullback
NeillTommy19301003,Neill,Tommy,Tommy Neill,1930-10-03,Wing Half
NevinPat19630906,Nevin,Pat,Pat Nevin,1963-09-06,Winger
NewtonPercy,Newton,Percy,Percy Newton,,Center Half
NightingaleDavid19270815,Nightingale,David,David Nightingale,1927-08-15,Right Back
NivenJames18970908,Niven,James,James Niven,1897-09-08,Left Back
NixonEric19621004,Nixon,Eric,Eric Nixon,1962-10-04,Goalkeeper
NolanIan19700709,Nolan,Ian,Ian Nolan,1970-07-09,Fullback
OBrienLiam19640905,O'Brien,Liam,Liam O'Brien,1964-09-05,Midfielder
OConnorJohn1903,O'Connor,John,John O'Connor,,Outside Right
ONeilTommy19521025,O'Neil,Tommy,Tommy O'Neil,1952-10-25,Midfielder
ORourkeBilly19600402,O'Rourke,Billy,Billy O'Rourke,1960-04-02,Goalkeeper
ObreyAlf19120603,Obrey,Alf,Alf Obrey,1912-06-03,Center Half
OliverGavin19620906,Oliver,Gavin,Gavin Oliver,1962-09-06,Defender
OnyealiElkanah19390607,Onyeali,Elkanah,Elkanah Onyeali,1939-06-07,Forward
OwenArthur1911,Owen,Arthur,Arthur Owen,,Left Back
OwenBilly19140630,Owen,Billy,Billy Owen,1914-06-30,Center Forward
OxtobyDick19390905,Oxtoby,Dick,Dick Oxtoby,1939-09-05,Half Back
PaliosMark19521109,Palios,Mark,Mark Palios,1952-11-09,Midfielder
ParnellFrank19351104,Parnell,Frank,Frank Parnell,1935-11-04,Center Forward
ParnellRoy19431008,Parnell,Roy,Roy Parnell,1943-10-08,Right Back
ParryDave19480211,Parry,Dave,Dave Parry,1948-02-11,Outside Left
ParryLes19531113,Parry,Les,Les Parry,1953-11-13,Central Defender
PayneAlbert19231111,Payne,Albert,Albert Payne,1923-11-11,Wing Half
PayneGeorge19210822,Payne,George,George Payne,1921-08-22,Goalkeeper
PearsonTich41910,Pearson,Tich,Tich Pearson,,Outside Right
PenningtonJames21915,Pennington,James,James Pennington,,Inside Left
PeplowSteve19490108,Peplow,Steve,Steve Peplow,1949-01-08,Outside Right
PerfectFrank19150309,Perfect,Frank,Frank Perfect,1915-03-09,Right Back
PhillipsErnest1897,Phillips,Ernest,Ernest Phillips,,Left Half
PhilpottsDave19540331,Philpotts,Dave,Dave Philpotts,1954-03-31,Center Half
PhilpottsJohn,Philpotts,John,John Philpotts,,Outside Right
PikeMartin19641021,Pike,Martin,Martin Pike,1964-10-21,Left Back
PlattDick,Platt,Dick,Dick Platt,,Right Back
PlattJohn19540822,Platt,John,John Platt,1954-08-22,Goalkeeper
PointonRay19471106,Pointon,Ray,Ray Pointon,1947-11-06,Fullback
PollardJames19200604,Pollard,James,James Pollard,1920-06-04,Outside Left
PoskettThomas19091226,Poskett,Thomas,Thomas Poskett,1909-12-26,Goalkeeper
PostlewhiteDennis19571013,Postlewhite,Dennis,Dennis Postlewhite,1957-10-13,Defender
PowellNeville19630902,Powell,Neville,Neville Powell,1963-09-02,Midfielder
PrenticeJohn18981019,Prentice,John,John Prentice,1898-10-19,Outside Left
PrescottFrank19220812,Prescott,Frank,Frank Prescott,1922-08-12,Center Forward
PriceKen19390325,Price,Ken,Ken Price,1939-03-25,Center Forward
PriceWalter19210214,Price,Walter,Walter Price,1921-02-14,Center Half
PritchardJoe19430904,Pritchard,Joe,Joe Pritchard,1943-09-04,Midfielder
PritchardRay19540623,Pritchard,Ray,Ray Pritchard,1954-06-23,Fullback
ProctorMark19610130,Proctor,Mark,Mark Proctor,1961-01-30,Midfielder
ProctorNorman18960511,Proctor,Norman,Norman Proctor,1896-05-11,Inside Left
ProsserNeil19570308,Prosser,Neil,Neil Prosser,1957-03-08,Forward
RainfordBilly18920226,Rainford,Billy,Billy Rainford,1892-02-26,Inside Left
RatcliffeArchie18930130,Ratcliffe,Archie,Archie Ratcliffe,1893-01-30,Center Forward
ReesPeter19320505,Rees,Peter,Peter Rees,1932-05-05,Outside Left
RiceRon19230413,Rice,Ron,Ron Rice,1923-04-13,Inside Left
RichardsErnest,Richards,Ernest,Ernest Richards,,Center Half
RichardsPercy1907,Richards,Percy,Percy Richards,,Outside Left
RiddingBill19110404,Ridding,Bill,Bill Ridding,1911-04-04,Center Forward
RidgwayJohn,Ridgway,John,John Ridgway,,Left Back
RileyAlan,Riley,Alan,Alan Riley,,Goalkeeper
RimmerEllis19070102,Rimmer,Ellis,Ellis Rimmer,1907-01-02,Outside Left
RobertsBilly19040109,Roberts,Billy,Billy Roberts,1904-01-09,Inside Right
RobertsEddie19471116,Roberts,Eddie,Eddie Roberts,1947-11-16,Goalkeeper
RobertsGerald21908,Roberts,Gerald,Gerald Roberts,,Left Back
RobertsJames18910107,Roberts,James,James Roberts,1891-01-07,Outside Left
RobertsRonnie19420914,Roberts,Ronnie,Ronnie Roberts,1942-09-14,Outside Left
RobertsonTeddie19351219,Robertson,Teddie,Teddie Robertson,1935-12-19,Fullback
RobertsonWilliam,Robertson,William,William Robertson,,Center Forward
RobinsonAlfred18980130,Robinson,Alfred,Alfred Robinson,1898-01-30,Inside Right
RobinsonJames18980108,Robinson,James,James Robinson,1898-01-08,Outside Left
RobinsonLiam19651229,Robinson,Liam,Liam Robinson,1965-12-29,Striker
RodawayBilly19540926,Rodaway,Billy,Billy Rodaway,1954-09-26,Midfielder
RogersAlan19770103,Rogers,Alan,Alan Rogers,1977-01-03,Left Back
RoperWilliam21914,Roper,William,William Roper,,Goalkeeper
RosenthalAbe19211012,Rosenthal,Abe,Abe Rosenthal,1921-10-12,Inside Forward
RothwellPeter21898,Rothwell,Peter,Peter Rothwell,,Inside Forward
RoweGraham19450828,Rowe,Graham,Graham Rowe,1945-08-28,Wing Half
RowlandJohn19410407,Rowland,John,John Rowland,1941-04-07,Winger
RowlesReginald,Rowles,Reginald,Reginald Rowles,,Right Back
RowleyTony19290919,Rowley,Tony,Tony Rowley,1929-09-19,Center Forward
RoyJack19140323,Roy,Jack,Jack Roy,1914-03-23,Outside Left
RussellAlex19440221,Russell,Alex,Alex Russell,1944-02-21,Midfielder
RutterEdward18980702,Rutter,Edward,Edward Rutter,1898-07-02,Left Half
SalmonLen19120624,Salmon,Len,Len Salmon,1912-06-24,Wing Half
SayerStan18950202,Sayer,Stan,Stan Sayer,1895-02-02,Center Forward
ScottGeorge19441025,Scott,George,George Scott,1944-10-25,Inside Forward
SeasmanJohn19550221,Seasman,John,John Seasman,1955-02-21,Midfielder
SeddonBen19520205,Seddon,Ben,Ben Seddon,1952-02-05,Center Half
SewellGeorge18980603,Sewell,George,George Sewell,1898-06-03,Center Half
SharkeyBernard18940325,Sharkey,Bernard,Bernard Sharkey,1894-03-25,Inside Right
SharpAlex19101112,Sharp,Alex,Alex Sharp,1910-11-12,Center Half
ShawHugh19290429,Shaw,Hugh,Hugh Shaw,1929-04-29,Wing Half
ShearsBert19000512,Shears,Bert,Bert Shears,1900-05-12,Right Half
SherlockHarold19090202,Sherlock,Harold,Harold Sherlock,1909-02-02,Goalkeeper
ShoneGeorge19220215,Shone,George,George Shone,1922-02-15,Center Forward
SiddallBarry19540912,Siddall,Barry,Barry Siddall,1954-09-12,Goalkeeper
SilleLes19280412,Sille,Les,Les Sille,1928-04-12,Outside Left
SinclairNick19600103,Sinclair,Nick,Nick Sinclair,1960-01-03,Fullback
SinclairRoy19441210,Sinclair,Roy,Roy Sinclair,1944-12-10,Inside Forward
SinclairWillie19341014,Sinclair,Willie,Willie Sinclair,1934-10-14,Inside Forward
SmithDerek19460705,Smith,Derek,Derek Smith,1946-07-05,Center Half
SmithGeorge,Smith,George,George Smith,,Inside Forward
SmithJohn19700723,Smith,John,John Smith,1970-07-23,Left Back
SmithReg11916,Smith,Reg,Reg Smith,,Inside Left
SmithWilliam1915,Smith,William,William Smith,,Inside Right
SpeakmanSammy19340127,Speakman,Sammy,Sammy Speakman,1934-01-27,Outside Left
SpenceJames,Spence,James,James Spence,,Left Back
SpencerReg19081201,Spencer,Reg,Reg Spencer,1908-12-01,Left Half
SpencerTeddy,Spencer,Teddy,Teddy Spencer,,Inside Left
SpinkTony19291116,Spink,Tony,Tony Spink,1929-11-16,Center Forward
StJohnIan19380607,St John,Ian,Ian St John,1938-06-07,Center Forward
StanleyGraham19380127,Stanley,Graham,Graham Stanley,1938-01-27,Wing Half
SteelJim19591204,Steel,Jim,Jim Steel,1959-12-04,Center Forward
SteelePercy19231226,Steele,Percy,Percy Steele,1923-12-26,Fullback
StephensTerry19351105,Stephens,Terry,Terry Stephens,1935-11-05,Inside Forward
StevensDennis19331130,Stevens,Dennis,Dennis Stevens,1933-11-30,Inside Forward
StevensGary19630327,Stevens,Gary,Gary Stevens,1963-03-27,Fullback
StevensonWillie19391026,Stevenson,Willie,Willie Stevenson,1939-10-26,Left Half
StortonStan19390105,Storton,Stan,Stan Storton,1939-01-05,Right Back
StortonTrevor19491126,Storton,Trevor,Trevor Storton,1949-11-26,Center Half
StottTom,Stott,Tom,Tom Stott,,Center Forward
StuartEddie19310512,Stuart,Eddie,Eddie Stuart,1931-05-12,Center Half
StuartTom18931025,Stuart,Tom,Tom Stuart,1893-10-25,Left Back
SugdenArthur1894,Sugden,Arthur,Arthur Sugden,,Right Back
TanseyGerard19331015,Tansey,Gerard,Gerard Tansey,1933-10-15,Fullback
TealeShaun19640310,Teale,Shaun,Shaun Teale,1964-03-10,Central Defender
TempleErnest21910,Temple,Ernest,Ernest Temple,,Goalkeeper
ThirkellPercy19000213,Thirkell,Percy,Percy Thirkell,1900-02-13,Left Back
ThomasJohn19580805,Thomas,John,John Thomas,1958-08-05,Center Forward
ThomasKevin19450813,Thomas,Kevin,Kevin Thomas,1945-08-13,Goalkeeper
ThomasRobert41911,Thomas,Robert,Robert Thomas,,Outside Right
ThomasStanley19190905,Thomas,Stanley,Stanley Thomas,1919-09-05,Inside Left
ThomasTony19710712,Thomas,Tony,Tony Thomas,1971-07-12,Defender
ThomasWilliam19060316,Thomas,William,William Thomas,1906-03-16,Center Half
ThompsonAlex19171208,Thompson,Alex,Alex Thompson,1917-12-08,Right Back
ThompsonBob18900227,Thompson,Bob,Bob Thompson,1890-02-27,Right Back
ThompsonRobert,Thompson,Robert,Robert Thompson,,Center Forward
ThornAndy19661112,Thorn,Andy,Andy Thorn,1966-11-12,Central Defender
ThorpeAdrian19631125,Thorpe,Adrian,Adrian Thorpe,1963-11-25,Outside Left
ThorpeAndy19600915,Thorpe,Andy,Andy Thorpe,1960-09-15,Defender
TilstonTommy19260219,Tilston,Tommy,Tommy Tilston,1926-02-19,Inside Forward
TongRobert21911,Tong,Robert,Robert Tong,,Center Forward
TrainRay19510210,Train,Ray,Ray Train,1951-02-10,Midfielder
TravisHarry19111226,Travis,Harry,Harry Travis,1911-12-26,Center Forward
TuckerCharles1917,Tucker,Charles,Charles Tucker,,Goalkeeper
TwistFrank19401102,Twist,Frank,Frank Twist,1940-11-02,Outside Right
TynanBobby19551207,Tynan,Bobby,Bobby Tynan,1955-12-07,Midfielder
UrmsonFred19071126,Urmson,Fred,Fred Urmson,1907-11-26,Outside Left
VeitchTommy19491016,Veitch,Tommy,Tommy Veitch,1949-10-16,Midfielder
VickersSteve19671013,Vickers,Steve,Steve Vickers,1967-10-13,Central Defender
WalkdenEdgar,Walkden,Edgar,Edgar Walkden,,Center Half
WallsArthur19310115,Walls,Arthur,Arthur Walls,1931-01-15,Forward
WaringPongo19061012,Waring,Pongo,Pongo Waring,1906-10-12,Center Forward
WarrenEmrys,Warren,Emrys,Emrys Warren,,Left Back
WarrinerSteve19581218,Warriner,Steve,Steve Warriner,1958-12-18,Defender
WassellGilbert19100409,Wassell,Gilbert,Gilbert Wassell,1910-04-09,Left Back
WaterstonArchie19021013,Waterston,Archie,Archie Waterston,1902-10-13,Center Forward
WatsonJack1912,Watson,Jack,Jack Watson,,Center Half
WattsFarewell19040310,Watts,Farewell,Farewell Watts,1904-03-10,Inside Right
WebbJohn19520210,Webb,John,John Webb,1952-02-10,Right Back
WeirJimmy19390412,Weir,Jimmy,Jimmy Weir,1939-04-12,Outside Left
WellingsBarry19580610,Wellings,Barry,Barry Wellings,1958-06-10,Forward
WestGordon19430424,West,Gordon,Gordon West,1943-04-24,Goalkeeper
WestlakeBrian19430919,Westlake,Brian,Brian Westlake,1943-09-19,Center Forward
WheelerJohnny19280726,Wheeler,Johnny,Johnny Wheeler,1928-07-26,Right Half
WhiteBob19011205,White,Bob,Bob White,1901-12-05,Outside Right
WhitehurstBert18980622,Whitehurst,Bert,Bert Whitehurst,1898-06-22,Center Forward
WhittinghamSteve19620204,Whittingham,Steve,Steve Whittingham,1962-02-04,Forward
WhyteCrawford19071204,Whyte,Crawford,Crawford Whyte,1907-12-04,Left Back
WildeLeslie,Wilde,Leslie,Leslie Wilde,,Goalkeeper
WilkinsonBarry19350616,Wilkinson,Barry,Barry Wilkinson,1935-06-16,Half Back
WilliamsGary19590514,Williams,Gary,Gary Williams,1959-05-14,Defender
WilliamsGraham19361231,Williams,Graham,Graham Williams,1936-12-31,Outside Left
WilliamsJackie19290801,Williams,Jackie,Jackie Williams,1929-08-01,Outside Left
WilliamsJohn19601003,Williams,John,John Williams,1960-10-03,Center Half
WilliamsKeith19370114,Williams,Keith,Keith Williams,1937-01-14,Inside Forward
WilliamsRay19301230,Williams,Ray,Ray Williams,1930-12-30,Wing Half
WilliamsTommy19290801,Williams,Tommy,Tommy Williams,1929-08-01,Wing Half
WilliamsonJames19260616,Williamson,James,James Williamson,1926-06-16,Inside Forward
WilliamsonStewie19260407,Williamson,Stewie,Stewie Williamson,1926-04-07,Outside Left
WilsonBob19280908,Wilson,Bob,Bob Wilson,1928-09-08,Right Back
WinnEdward,Winn,Edward,Edward Winn,,Center Half
WoanDon19271107,Woan,Don,Don Woan,1927-11-07,Forward
WoodAlbert19030425,Wood,Albert,Albert Wood,1903-04-25,Inside Left
WoodArchie19260318,Wood,Archie,Archie Wood,1926-03-18,Outside Left
WoodinSteve19550106,Woodin,Steve,Steve Woodin,1955-01-06,Winger
WoodsBilly19731024,Woods,Billy,Billy Woods,1973-10-24,Winger
WoodsRay19650607,Woods,Ray,Ray Woods,1965-06-07,Midfielder
WoodwardBilly,Woodward,Billy,Billy Woodward,,Inside Left
WorthingtonFrank19481123,Worthington,Frank,Frank Worthington,1948-11-23,Center Forward
YardleyGeorge19421008,Yardley,George,George Yardley,1942-10-08,Center Forward
YatesWilf1898,Yates,Wilf,Wilf Yates,,Right Back
YeatsRon19371115,Yeats,Ron,Ron Yeats,1937-11-15,Center Half
YoungTommy19471224,Young,Tommy,Tommy Young,1947-12-24,Forward
