player_id,surname,forename,player_name,player_dob,soccerbase_pos
AchterbergJohn19710708,Achterberg,John,John Achterberg,1971-07-08,Goalkeeper
AhmedAdnan19840607,Ahmed,Adnan,Adnan Ahmed,1984-06-07,Midfielder
AimsonWill19940603,Aimson,Will,Will Aimson,1994-06-03,Defender
AistonSam19761121,Aiston,Sam,Sam Aiston,1976-11-21,Midfielder
AkammaduFranklyn19980811,Akammadu,Franklyn,Franklyn Akammadu,1998-08-11,Forward
AkinsLucas19890225,Akins,Lucas,Lucas Akins,1989-02-25,Midfielder
AkpaAkproJeanLouis19850104,Akpa Akpro,Jean-Louis,Jean-Louis Akpa Akpro,1985-01-04,Forward
AkpanUdoyen19990210,Akpan,Udoyen,Udoyen Akpan,1999-02-10,Forward
AlabiJames19941108,Alabi,James,James Alabi,1994-11-08,Forward
AldridgeJohn19580918,Aldridge,John,John Aldridge,1958-09-18,Forward
AldridgePaul19811202,Aldridge,Paul,Paul Aldridge,1981-12-02,Forward
AllenGraham19770408,Allen,Graham,Graham Allen,1977-04-08,Defender
AllisonWayne19681016,Allison,Wayne,Wayne Allison,1968-10-16,Forward
AlmondLouis19920105,Almond,Louis,Louis Almond,1992-01-05,Forward
AmooDavid19910413,Amoo,David,David Amoo,1991-04-13,Forward
AndersonIain19770723,Anderson,Iain,Iain Anderson,1977-07-23,Midfielder
AntwiGodwin19880607,Antwi,Godwin,Godwin Antwi,1988-06-07,Defender
ApterRob20030423,Apter,Rob,Rob Apter,2003-04-23,Midfielder
AriyibiGboly19950118,Ariyibi,Gboly,Gboly Ariyibi,1995-01-18,Forward
ArthurworreyStephen19941015,Arthurworrey,Stephen,Stephen Arthurworrey,1994-10-15,Defender
AshtonNeil19850115,Ashton,Neil,Neil Ashton,1985-01-15,Defender
AtkinsonChris19920213,Atkinson,Chris,Chris Atkinson,1992-02-13,Midfielder
BabbPhil19701130,Babb,Phil,Phil Babb,1970-11-30,Defender
BainKithson19820526,Bain,Kithson,Kithson Bain,1982-05-26,Forward
BakayogoZoumana19860817,Bakayogo,Zoumana,Zoumana Bakayogo,1986-08-17,Defender
BanksOllie19920921,Banks,Ollie,Ollie Banks,1992-09-21,Midfielder
BarkerGeorge19910926,Barker,George,George Barker,1991-09-26,Midfielder
BarlowStuart19680716,Barlow,Stuart,Stuart Barlow,1968-07-16,Forward
BarnettCharlie19880919,Barnett,Charlie,Charlie Barnett,1988-09-19,Midfielder
BaxterJose19920207,Baxter,Jose,Jose Baxter,1992-02-07,Forward
BelehouanJean20000901,Belehouan,Jean,Jean Belehouan,2000-09-01,Defender
BellBaggieAbdulai19920428,Bell-Baggie,Abdulai,Abdulai Bell-Baggie,1992-04-28,Midfielder
BensonLiam19920225,Benson,Liam,Liam Benson,1992-02-25,Defender
BeresfordDavid19761111,Beresford,David,David Beresford,1976-11-11,Midfielder
BlackMichael19761006,Black,Michael,Michael Black,1976-10-06,Midfielder
BlackPaul19900118,Black,Paul,Paul Black,1990-01-18,Defender
BlackettTaylorCorey19970923,Blackett-Taylor,Corey,Corey Blackett-Taylor,1997-09-23,Midfielder
BlackhamJoe20010910,Blackham,Joe,Joe Blackham,2001-09-10,Midfielder
BlanchardMaxime19860927,Blanchard,Maxime,Maxime Blanchard,1986-09-27,Defender
BlissettNathan19900629,Blissett,Nathan,Nathan Blissett,1990-06-29,Forward
BolandAntonie19941230,Boland,Antonie,Antonie Boland,1994-12-30,Defender
BonettiIvano19640801,Bonetti,Ivano,Ivano Bonetti,1964-08-01,Midfielder
BorthwickJacksonCameron19970202,Borthwick-Jackson,Cameron,Cameron Borthwick-Jackson,1997-02-02,Defender
BradshawZak20030922,Bradshaw,Zak,Zak Bradshaw,2003-09-22,Defender
BranchGraham19720212,Branch,Graham,Graham Branch,1972-02-12,Midfielder
BrannanGed19720115,Brannan,Ged,Ged Brannan,1972-01-15,Midfielder
BrezovanPeter19791209,Brezovan,Peter,Peter Brezovan,1979-12-09,Goalkeeper
BristowEthan20011127,Bristow,Ethan,Ethan Bristow,2001-11-27,Defender
BroomesMarlon19771128,Broomes,Marlon,Marlon Broomes,1977-11-28,Defender
BrownJunior19890507,Brown,Junior,Junior Brown,1989-05-07,Defender
BrownKayleden19920415,Brown,Kayleden,Kayleden Brown,1992-04-15,Forward
BrownPaul19840910,Brown,Paul,Paul Brown,1984-09-10,Midfielder
BruceAlex19840928,Bruce,Alex,Alex Bruce,1984-09-28,Defender
BrunaGerardo19910129,Bruna,Gerardo,Gerardo Bruna,1991-01-29,Midfielder
BruntRyan19930526,Brunt,Ryan,Ryan Brunt,1993-05-26,Forward
BuchananDavid19860506,Buchanan,David,David Buchanan,1986-05-06,Defender
BurnsRobbie19901115,Burns,Robbie,Robbie Burns,1990-11-15,Midfielder
BurtonJake20011115,Burton,Jake,Jake Burton,2001-11-15,Forward
BuxtonAdam19920512,Buxton,Adam,Adam Buxton,1992-05-12,Defender
ByrneNeill19930202,Byrne,Neill,Neill Byrne,1993-02-02,Defender
CansdellSherriffShane19821110,Cansdell-Sherriff,Shane,Shane Cansdell-Sherriff,1982-11-10,Defender
CapriceJake19921111,Caprice,Jake,Jake Caprice,1992-11-11,Midfielder
CaroleSebastien19820908,Carole,Sebastien,Sebastien Carole,1982-09-08,Midfielder
CassidyJake19930209,Cassidy,Jake,Jake Cassidy,1993-02-09,Forward
CathalinaTimothy19850124,Cathalina,Timothy,Timothy Cathalina,1985-01-24,Defender
ChallinorDave19751002,Challinor,Dave,Dave Challinor,1975-10-02,Defender
ChalmersLogan20000324,Chalmers,Logan,Logan Chalmers,2000-03-24,Midfielder
ChapmanAaron19900529,Chapman,Aaron,Aaron Chapman,1990-05-29,Goalkeeper
ChorleyBen19820930,Chorley,Ben,Ben Chorley,1982-09-30,Defender
ClarkeEddie19981229,Clarke,Eddie,Eddie Clarke,1998-12-29,Defender
ClarkePeter19820103,Clarke,Peter,Peter Clarke,1982-01-03,Defender
ColeLarnell19930309,Cole,Larnell,Larnell Cole,1993-03-09,Midfielder
CollinsAaron19970527,Collins,Aaron,Aaron Collins,1997-05-27,Forward
CollisterJoe19911215,Collister,Joe,Joe Collister,1991-12-15,Goalkeeper
ConnellySean19700626,Connelly,Sean,Sean Connelly,1970-06-26,Defender
CookAndy19901018,Cook,Andy,Andy Cook,1990-10-18,Forward
CookPaul19670222,Cook,Paul,Paul Cook,1967-02-22,Midfielder
CooperKevin19750208,Cooper,Kevin,Kevin Cooper,1975-02-08,Midfielder
CorryPaul19910203,Corry,Paul,Paul Corry,1991-02-03,Midfielder
CoughlinAndy19930131,Coughlin,Andy,Andy Coughlin,1993-01-31,Goalkeeper
CoyneDanny19730827,Coyne,Danny,Danny Coyne,1973-08-27,Goalkeeper
CrawfordAli19910730,Crawford,Ali,Ali Crawford,1991-07-30,Midfielder
CresswellAaron19891215,Cresswell,Aaron,Aaron Cresswell,1989-12-15,Defender
CroughanTom19990919,Croughan,Tom,Tom Croughan,1999-09-19,Midfielder
CurranCraig19890823,Curran,Craig,Craig Curran,1989-08-23,Forward
CurtisTom19730301,Curtis,Tom,Tom Curtis,1973-03-01,Midfielder
DacresCogleyJosh19960312,Dacres-Cogley,Josh,Josh Dacres-Cogley,1996-03-12,Defender
DadiEugene19730820,Dadi,Eugene,Eugene Dadi,1973-08-20,Forward
DagnallChris19860415,Dagnall,Chris,Chris Dagnall,1986-04-15,Forward
DanielsDonervon19931124,Daniels,Donervon,Donervon Daniels,1993-11-24,Defender
DanielsLuke19880105,Daniels,Luke,Luke Daniels,1988-01-05,Goalkeeper
DannsNeil19821123,Danns,Neil,Neil Danns,1982-11-23,Midfielder
DarvilleLiam19901026,Darville,Liam,Liam Darville,1990-10-26,Defender
DaviesBen19950811,Davies,Ben,Ben Davies,1995-08-11,Defender
DaviesLiam19960702,Davies,Liam,Liam Davies,1996-07-02,Midfielder
DaviesMikey20040923,Davies,Mikey,Mikey Davies,2004-09-23,Defender
DaviesScott19870223,Davies,Scott,Scott Davies,1987-02-23,Goalkeeper
DaviesSteve19871229,Davies,Steve,Steve Davies,1987-12-29,Forward
DaviesTom19920418,Davies,Tom,Tom Davies,1992-04-18,Defender
DavisonJosh19990916,Davison,Josh,Josh Davison,1999-09-16,Forward
DawsonAdam19921005,Dawson,Adam,Adam Dawson,1992-10-05,Midfielder
DennisKristian19900312,Dennis,Kristian,Kristian Dennis,1990-03-12,Forward
DevaneyMartin19800601,Devaney,Martin,Martin Devaney,1980-06-01,Midfielder
DevineJames19990726,Devine,James,James Devine,1999-07-26,Midfielder
DieseruvweEmmanuel19950220,Dieseruvwe,Emmanuel,Emmanuel Dieseruvwe,1995-02-20,Forward
DonacienJanoi19931103,Donacien,Janoi,Janoi Donacien,1993-11-03,Defender
DonaldsonRyan19910501,Donaldson,Ryan,Ryan Donaldson,1991-05-01,Midfielder
DonnellyGeorge19880528,Donnelly,George,George Donnelly,1988-05-28,Forward
DonnellyRory19920218,Donnelly,Rory,Rory Donnelly,1992-02-18,Forward
DoohanRoss19980329,Doohan,Ross,Ross Doohan,1998-03-29,Goalkeeper
DrysdaleDeclan19991114,Drysdale,Declan,Declan Drysdale,1999-11-14,Defender
DuffyMark19851007,Duffy,Mark,Mark Duffy,1985-10-07,Midfielder
DugdaleAdam19870912,Dugdale,Adam,Adam Dugdale,1987-09-12,Defender
DugganMitch19970320,Duggan,Mitch,Mitch Duggan,1997-03-20,Defender
DunnJack19941119,Dunn,Jack,Jack Dunn,1994-11-19,Midfielder
EcclestonNathan19901230,Eccleston,Nathan,Nathan Eccleston,1990-12-30,Forward
EddsGareth19810203,Edds,Gareth,Gareth Edds,1981-02-03,Midfielder
EdwardsChristian19751123,Edwards,Christian,Christian Edwards,1975-11-23,Defender
EdwardsRyan19931007,Edwards,Ryan,Ryan Edwards,1993-10-07,Midfielder
EganReuben20050727,Egan,Reuben,Reuben Egan,2005-07-27,Goalkeeper
ElfordAlliyuLateef19920601,Elford-Alliyu,Lateef,Lateef Elford-Alliyu,1992-06-01,Forward
EllisMark19880930,Ellis,Mark,Mark Ellis,1988-09-30,Defender
EllisonKevin19790223,Ellison,Kevin,Kevin Ellison,1979-02-23,Midfielder
FaceyDelroy19800422,Facey,Delroy,Delroy Facey,1980-04-22,Forward
FanimoMatthias19940128,Fanimo,Matthias,Matthias Fanimo,1994-01-28,Forward
FeeneyLiam19870121,Feeney,Liam,Liam Feeney,1987-01-21,Midfielder
FeeneyMorgan19990208,Feeney,Morgan,Morgan Feeney,1999-02-08,Defender
FenelonShamir19940803,Fenelon,Shamir,Shamir Fenelon,1994-08-03,Forward
FenwickScott19900409,Fenwick,Scott,Scott Fenwick,1990-04-09,Forward
FerrierMorgan19941115,Ferrier,Morgan,Morgan Ferrier,1994-11-15,Forward
FeuerIan19710520,Feuer,Ian,Ian Feuer,1971-05-20,Goalkeeper
FinleySam19920804,Finley,Sam,Sam Finley,1992-08-04,Midfielder
FisherMax20031003,Fisher,Max,Max Fisher,2003-10-03,Midfielder
FlemingJack19990110,Fleming,Jack,Jack Fleming,1999-01-10,Midfielder
FlynnSean19680313,Flynn,Sean,Sean Flynn,1968-03-13,Midfielder
FoleySam19861017,Foley,Sam,Sam Foley,1986-10-17,Defender
FonWilliamsOwain19870317,Fon Williams,Owain,Owain Fon Williams,1987-03-17,Goalkeeper
FosterStephen19800918,Foster,Stephen,Stephen Foster,1980-09-18,Defender
FrailStephen19690810,Frail,Stephen,Stephen Frail,1969-08-10,Defender
FrancisSimon19850216,Francis,Simon,Simon Francis,1985-02-16,Defender
FraughanRyan19910211,Fraughan,Ryan,Ryan Fraughan,1991-02-11,Midfielder
GardnerDan19900405,Gardner,Dan,Dan Gardner,1990-04-05,Midfielder
GarrettJake20030310,Garrett,Jake,Jake Garrett,2003-03-10,Midfielder
GeorgeShamal19980106,George,Shamal,Shamal George,1998-01-06,Goalkeeper
GibsonBen19930115,Gibson,Ben,Ben Gibson,1993-01-15,Defender
GibsonNeil19791010,Gibson,Neil,Neil Gibson,1979-10-10,Midfielder
GillMatt19801108,Gill,Matt,Matt Gill,1980-11-08,Midfielder
GillWayne19751128,Gill,Wayne,Wayne Gill,1975-11-28,Midfielder
GilmourHarvey19981215,Gilmour,Harvey,Harvey Gilmour,1998-12-15,Midfielder
GinnellyJosh19970324,Ginnelly,Josh,Josh Ginnelly,1997-03-24,Forward
GlatzelPaul20010220,Glatzel,Paul,Paul Glatzel,2001-02-20,Forward
GnanduilletArmand19920213,Gnanduillet,Armand,Armand Gnanduillet,1992-02-13,Forward
GolobartRoman19920321,Golobart,Roman,Roman Golobart,1992-03-21,Defender
GoodisonIan19721121,Goodison,Ian,Ian Goodison,1972-11-21,Defender
GordonBen19910302,Gordon,Ben,Ben Gordon,1991-03-02,Defender
GornellTerry19891216,Gornell,Terry,Terry Gornell,1989-12-16,Forward
GouldbourneEthan20001010,Gouldbourne,Ethan,Ethan Gouldbourne,2000-10-10,Midfielder
GrandisonJermaine19901205,Grandison,Jermaine,Jermaine Grandison,1990-12-05,Defender
GrantTony19741114,Grant,Tony,Tony Grant,1974-11-14,Midfielder
GrayKevin19720107,Gray,Kevin,Kevin Gray,1972-01-07,Defender
GreenDevarn19960826,Green,Devarn,Devarn Green,1996-08-26,Forward
GreenGeorge19960102,Green,George,George Green,1996-01-02,Midfielder
GreenacreChris19771223,Greenacre,Chris,Chris Greenacre,1977-12-23,Forward
GulacsiPeter19900506,Gulacsi,Peter,Peter Gulacsi,1990-05-06,Goalkeeper
GumbsEvan19970721,Gumbs,Evan,Evan Gumbs,1997-07-21,Defender
GunningGavin19910126,Gunning,Gavin,Gavin Gunning,1991-01-26,Defender
HallPaul19720703,Hall,Paul,Paul Hall,1972-07-03,Midfielder
HamiltonDes19760815,Hamilton,Des,Des Hamilton,1976-08-15,Midfielder
HarrisJay19870415,Harris,Jay,Jay Harris,1987-04-15,Midfielder
HarrisonDanny19821104,Harrison,Danny,Danny Harrison,1982-11-04,Midfielder
HartJoe19870419,Hart,Joe,Joe Hart,1987-04-19,Goalkeeper
HateleyTom19890912,Hateley,Tom,Tom Hateley,1989-09-12,Midfielder
HawkesJosh19990128,Hawkes,Josh,Josh Hawkes,1999-01-28,Midfielder
HaworthSimon19770330,Haworth,Simon,Simon Haworth,1977-03-30,Forward
HayAlex19811014,Hay,Alex,Alex Hay,1981-10-14,Forward
HaydeKyle20010925,Hayde,Kyle,Kyle Hayde,2001-09-25,Defender
HazellReuben19790424,Hazell,Reuben,Reuben Hazell,1979-04-24,Defender
HemmingsKane19910408,Hemmings,Kane,Kane Hemmings,1991-04-08,Forward
HendryRegan19980121,Hendry,Regan,Regan Hendry,1998-01-21,Midfielder
HenryNick19690221,Henry,Nick,Nick Henry,1969-02-21,Midfielder
HenryPaul19880128,Henry,Paul,Paul Henry,1988-01-28,Midfielder
HepburnMurphyRushian19980828,Hepburn-Murphy,Rushian,Rushian Hepburn-Murphy,1998-08-28,Forward
HeweltMateusz19960923,Hewelt,Mateusz,Mateusz Hewelt,1996-09-23,Goalkeeper
HigdonMichael19830902,Higdon,Michael,Michael Higdon,1983-09-02,Forward
HigginsDave19610819,Higgins,Dave,Dave Higgins,1961-08-19,Defender
HillClint19781019,Hill,Clint,Clint Hill,1978-10-19,Defender
HillMatt19810326,Hill,Matt,Matt Hill,1981-03-26,Defender
HinchliffeBen19881009,Hinchliffe,Ben,Ben Hinchliffe,1988-10-09,Goalkeeper
HindsRichard19800822,Hinds,Richard,Richard Hinds,1980-08-22,Defender
HockenhullBen20010903,Hockenhull,Ben,Ben Hockenhull,2001-09-03,Defender
HoganLiam19890208,Hogan,Liam,Liam Hogan,1989-02-08,Defender
HolmesDanny19890106,Holmes,Danny,Danny Holmes,1989-01-06,Defender
HolnessMarcus19881208,Holness,Marcus,Marcus Holness,1988-12-08,Defender
HorwoodEvan19860310,Horwood,Evan,Evan Horwood,1986-03-10,Defender
HotiFlorent20001211,Hoti,Florent,Florent Hoti,2000-12-11,Midfielder
HowarthRussell19820327,Howarth,Russell,Russell Howarth,1982-03-27,Goalkeeper
HughesJeff19850529,Hughes,Jeff,Jeff Hughes,1985-05-29,Midfielder
HughesRhys20010921,Hughes,Rhys,Rhys Hughes,2001-09-21,Forward
HugillJordan19920604,Hugill,Jordan,Jordan Hugill,1992-06-04,Forward
HumeIain19831030,Hume,Iain,Iain Hume,1983-10-30,Forward
IhiekweMichael19921120,Ihiekwe,Michael,Michael Ihiekwe,1992-11-20,Defender
IlesanmiSam19980713,Ilesanmi,Sam,Sam Ilesanmi,1998-07-13,Forward
IronsKenny19701104,Irons,Kenny,Kenny Irons,1970-11-04,Midfielder
JacksonMarlon19901206,Jackson,Marlon,Marlon Jackson,1990-12-06,Forward
JacksonMike19731204,Jackson,Mike,Mike Jackson,1973-12-04,Defender
JagoBen19960904,Jago,Ben,Ben Jago,1996-09-04,Midfielder
JahraldoMartinCalaum19930427,Jahraldo-Martin,Calaum,Calaum Jahraldo-Martin,1993-04-27,Forward
JamesOliver19870113,James,Oliver,Oliver James,1987-01-13,Midfielder
JamesonKyle19980911,Jameson,Kyle,Kyle Jameson,1998-09-11,Defender
JenningsConnor19911029,Jennings,Connor,Connor Jennings,1991-10-29,Forward
JenningsDale19921221,Jennings,Dale,Dale Jennings,1992-12-21,Midfielder
JenningsSteven19841028,Jennings,Steven,Steven Jennings,1984-10-28,Midfielder
JervisJake19910917,Jervis,Jake,Jake Jervis,1991-09-17,Forward
JobsonRichard19630509,Jobson,Richard,Richard Jobson,1963-05-09,Defender
JohnsonDanny19930228,Johnson,Danny,Danny Johnson,1993-02-28,Forward
JohnsonJohn19880916,Johnson,John,John Johnson,1988-09-16,Defender
JohnstonMichael19871216,Johnston,Michael,Michael Johnston,1987-12-16,Defender
JolleyCharlie20010113,Jolley,Charlie,Charlie Jolley,2001-01-13,Midfielder
JonesAndrai19920101,Jones,Andrai,Andrai Jones,1992-01-01,Defender
JonesBen20001129,Jones,Ben,Ben Jones,2000-11-29,Goalkeeper
JonesEthan19980404,Jones,Ethan,Ethan Jones,1998-04-04,Forward
JonesEthan20041016,Jones,Ethan,Ethan Jones,2004-10-16,Defender
JonesGary19750510,Jones,Gary,Gary Jones,1975-05-10,Midfielder
JonesLee19730529,Jones,Lee,Lee Jones,1973-05-29,Forward
JonesMike19870815,Jones,Mike,Mike Jones,1987-08-15,Midfielder
KaneOusmane20010723,Kané,Ousmane,Ousmane Kané,2001-07-23,Midfielder
KayAntony19821021,Kay,Antony,Antony Kay,1982-10-21,Defender
KayJosh19970130,Kay,Josh,Josh Kay,1997-01-30,Midfielder
KayMichael19890912,Kay,Michael,Michael Kay,1989-09-12,Defender
KellyDavid19651125,Kelly,David,David Kelly,1965-11-25,Forward
KennaJeff19700827,Kenna,Jeff,Jeff Kenna,1970-08-27,Defender
KennedyMatthew19941101,Kennedy,Matthew,Matthew Kennedy,1994-11-01,Forward
KhanOtis19950905,Khan,Otis,Otis Khan,1995-09-05,Midfielder
KhanSaidou19951205,Khan,Saidou,Saidou Khan,1995-12-05,Midfielder
KirbyJake19940509,Kirby,Jake,Jake Kirby,1994-05-09,Midfielder
KirbyNya20000131,Kirby,Nya,Nya Kirby,2000-01-31,Midfielder
KnightPercivalNat19870331,Knight-Percival,Nat,Nat Knight-Percival,1987-03-31,Defender
KoumasJason19790925,Koumas,Jason,Jason Koumas,1979-09-25,Midfielder
KubickiDariusz19630606,Kubicki,Dariusz,Dariusz Kubicki,1963-06-06,Defender
LabadieJoss19900830,Labadie,Joss,Joss Labadie,1990-08-30,Midfielder
LairdMarc19860123,Laird,Marc,Marc Laird,1986-01-23,Midfielder
LeakeJake20030220,Leake,Jake,Jake Leake,2003-02-20,Defender
LewisPaul19941217,Lewis,Paul,Paul Lewis,1994-12-17,Midfielder
LinwoodPaul19831024,Linwood,Paul,Paul Linwood,1983-10-24,Defender
LloydDanny19911203,Lloyd,Danny,Danny Lloyd,1991-12-03,Forward
LoganShaleum19880129,Logan,Shaleum,Shaleum Logan,1988-01-29,Defender
LomaxArthur20040517,Lomax,Arthur,Arthur Lomax,2004-05-17,Midfielder
LoranTyrone19810629,Loran,Tyrone,Tyrone Loran,1981-06-29,Defender
LoweRyan19780918,Lowe,Ryan,Ryan Lowe,1978-09-18,Forward
LucyCallum19981109,Lucy,Callum,Callum Lucy,1998-11-09,Midfielder
MacDonaldCalum19971218,MacDonald,Calum,Calum MacDonald,1997-12-18,Midfielder
MacauleyJosh19910302,Macauley,Josh,Josh Macauley,1991-03-02,Forward
MackrethJack19920413,Mackreth,Jack,Jack Mackreth,1992-04-13,Forward
MaddoxJacob19981103,Maddox,Jacob,Jacob Maddox,1998-11-03,Forward
MadjoGuy19840601,Madjo,Guy,Guy Madjo,1984-06-01,Forward
MaguireJoe19960118,Maguire,Joe,Joe Maguire,1996-01-18,Defender
MaherBen19950928,Maher,Ben,Ben Maher,1995-09-28,Midfielder
MahonAlan19780404,Mahon,Alan,Alan Mahon,1978-04-04,Midfielder
ManganAndy19860830,Mangan,Andy,Andy Mangan,1986-08-30,Forward
MantomSam19920220,Mantom,Sam,Sam Mantom,1992-02-20,Midfielder
MargettsJohnny19930928,Margetts,Johnny,Johnny Margetts,1993-09-28,Forward
MartinDavid19860122,Martin,David,David Martin,1986-01-22,Goalkeeper
MatherSam20040903,Mather,Sam,Sam Mather,2004-09-03,Midfielder
MatiasPedroMiguel19731011,Matias,Pedro Miguel,Pedro Miguel Matias,1973-10-11,Midfielder
MaynardLois19890122,Maynard,Lois,Lois Maynard,1989-01-22,Defender
MaynardNicky19861211,Maynard,Nicky,Nicky Maynard,1986-12-11,Forward
MayorDanny19901018,Mayor,Danny,Danny Mayor,1990-10-18,Midfielder
McAlearReece20020212,McAlear,Reece,Reece McAlear,2002-02-12,Midfielder
McAteerJason19710618,McAteer,Jason,Jason McAteer,1971-06-18,Midfielder
McChrystalMark19840626,McChrystal,Mark,Mark McChrystal,1984-06-26,Defender
McCreadyChris19810905,McCready,Chris,Chris McCready,1981-09-05,Defender
McCulloughLuke19940215,McCullough,Luke,Luke McCullough,1994-02-15,Defender
McDonaghGerry19980214,McDonagh,Gerry,Gerry McDonagh,1998-02-14,Forward
McDonaldClayton19881206,McDonald,Clayton,Clayton McDonald,1988-12-06,Defender
McEveleyJames19850211,McEveley,James,James McEveley,1985-02-11,Defender
McGaheyHarrison19950926,McGahey,Harrison,Harrison McGahey,1995-09-26,Defender
McGeeLuke19950902,McGee,Luke,Luke McGee,1995-09-02,Goalkeeper
McGibbonPat19730906,McGibbon,Pat,Pat McGibbon,1973-09-06,Defender
McGintySean19930811,McGinty,Sean,Sean McGinty,1993-08-11,Defender
McGrealJohn19720602,McGreal,John,John McGreal,1972-06-02,Defender
McGuireJamie19831113,McGuire,Jamie,Jamie McGuire,1983-11-13,Midfielder
McGurkAdam19890124,McGurk,Adam,Adam McGurk,1989-01-24,Forward
McIntyreKevin19771223,McIntyre,Kevin,Kevin McIntyre,1977-12-23,Defender
McLarenPaul19761117,McLaren,Paul,Paul McLaren,1976-11-17,Midfielder
McManamanCallum19910425,McManaman,Callum,Callum McManaman,1991-04-25,Midfielder
McNultyJim19850213,McNulty,Jim,Jim McNulty,1985-02-13,Defender
McNultySteve19830926,McNulty,Steve,Steve McNulty,1983-09-26,Defender
McPakeJosh20010831,McPake,Josh,Josh McPake,2001-08-31,Midfielder
McWeeneyShane19891014,McWeeney,Shane,Shane McWeeney,1989-10-14,Goalkeeper
MekkiAdam19911224,Mekki,Adam,Adam Mekki,1991-12-24,Midfielder
MellonMicky19720318,Mellon,Micky,Micky Mellon,1972-03-18,Midfielder
MendyArnaud19900210,Mendy,Arnaud,Arnaud Mendy,1990-02-10,Midfielder
MerrieChris19981102,Merrie,Chris,Chris Merrie,1998-11-02,Midfielder
MillerIshmael19870305,Miller,Ishmael,Ishmael Miller,1987-03-05,Forward
MiottoSimon19690905,Miotto,Simon,Simon Miotto,1969-09-05,Goalkeeper
MolyneuxLee19890224,Molyneux,Lee,Lee Molyneux,1989-02-24,Midfielder
MontheEmmanuel19950126,Monthe,Emmanuel,Emmanuel Monthe,1995-01-26,Defender
MooneyJason19890226,Mooney,Jason,Jason Mooney,1989-02-26,Goalkeeper
MorganAlan19731102,Morgan,Alan,Alan Morgan,1973-11-02,Defender
MorrisCallum19920901,Morris,Callum,Callum Morris,1992-09-01,Midfielder
MorrisKieron19940603,Morris,Kieron,Kieron Morris,1994-06-03,Midfielder
MorrisseyJohnny19650308,Morrissey,Johnny,Johnny Morrissey,1965-03-08,Forward
MorrowSam19850303,Morrow,Sam,Sam Morrow,1985-03-03,Forward
MottleyHenryDylan19970802,Mottley-Henry,Dylan,Dylan Mottley-Henry,1997-08-02,Forward
MullinJohn19750811,Mullin,John,John Mullin,1975-08-11,Midfielder
MullinPaul19941106,Mullin,Paul,Paul Mullin,1994-11-06,Forward
MumbongoJoel19990109,Mumbongo,Joel,Joel Mumbongo,1999-01-09,Forward
MungallSteve19580522,Mungall,Steve,Steve Mungall,1958-05-22,Defender
MurphyJoe19810821,Murphy,Joe,Joe Murphy,1981-08-21,Goalkeeper
MurrayMatt19810502,Murray,Matt,Matt Murray,1981-05-02,Goalkeeper
MusuambaHarrison20020520,Musuamba,Harrison,Harrison Musuamba,2002-05-20,Defender
MyhreThomas19731016,Myhre,Thomas,Thomas Myhre,1973-10-16,Goalkeeper
MyrieWilliamsJennison19880517,Myrie-Williams,Jennison,Jennison Myrie-Williams,1988-05-17,Midfielder
NDiayeSeyni19730601,N'Diaye,Seyni,Seyni N'Diaye,1973-06-01,Forward
NavarroAlan19810531,Navarro,Alan,Alan Navarro,1981-05-31,Midfielder
NelsonSid19960101,Nelson,Sid,Sid Nelson,1996-01-01,Defender
NevinPat19630906,Nevin,Pat,Pat Nevin,1963-09-06,Forward
NevittElliott19961030,Nevitt,Elliott,Elliott Nevitt,1996-10-30,Forward
NicholsonShane19700603,Nicholson,Shane,Shane Nicholson,1970-06-03,Defender
NielsenGunnar19861007,Nielsen,Gunnar,Gunnar Nielsen,1986-10-07,Goalkeeper
NixonEric19621004,Nixon,Eric,Eric Nixon,1962-10-04,Goalkeeper
NolanJon19920422,Nolan,Jon,Jon Nolan,1992-04-22,Midfielder
NorburnOliver19921026,Norburn,Oliver,Oliver Norburn,1992-10-26,Midfielder
NormanCameron19951012,Norman,Cameron,Cameron Norman,1995-10-12,Midfielder
NorrisJames20030404,Norris,James,James Norris,2003-04-04,Defender
NorrisLuke19930603,Norris,Luke,Luke Norris,1993-06-03,Forward
NorwoodJames19900905,Norwood,James,James Norwood,1990-09-05,Midfielder
NugentDavid19850502,Nugent,David,David Nugent,1985-05-02,Forward
NugentGeorge20011204,Nugent,George,George Nugent,2001-12-04,Midfielder
OBrienLiam19640905,O'Brien,Liam,Liam O'Brien,1964-09-05,Midfielder
OCallaghanGeorge19790905,O'Callaghan,George,George O'Callaghan,1979-09-05,Midfielder
OConnorLee20000728,O'Connor,Lee,Lee O'Connor,2000-07-28,Defender
OHalloranMichael19910106,O'Halloran,Michael,Michael O'Halloran,1991-01-06,Forward
OLearyStephen19870202,O'Leary,Stephen,Stephen O'Leary,1987-02-02,Midfielder
ONeillLuke19910820,O'Neill,Luke,Luke O'Neill,1991-08-20,Defender
OdejayiKayode19820221,Odejayi,Kayode,Kayode Odejayi,1982-02-21,Forward
OlsenJames19811023,Olsen,James,James Olsen,1981-10-23,Defender
OmotolaTolani19980416,Omotola,Tolani,Tolani Omotola,1998-04-16,Forward
OnuoraIffy19670728,Onuora,Iffy,Iffy Onuora,1967-07-28,Forward
OsbornSimon19720119,Osborn,Simon,Simon Osborn,1972-01-19,Midfielder
OsborneElliot19960512,Osborne,Elliot,Elliot Osborne,1996-05-12,Midfielder
OtsemoborJon19830323,Otsemobor,Jon,Jon Otsemobor,1983-03-23,Defender
PalethorpePhil19860917,Palethorpe,Phil,Phil Palethorpe,1986-09-17,Goalkeeper
PalmerLiam19910919,Palmer,Liam,Liam Palmer,1991-09-19,Midfielder
ParkinsonAndy19790527,Parkinson,Andy,Andy Parkinson,1979-05-27,Midfielder
PassantBayleigh20001129,Passant,Bayleigh,Bayleigh Passant,2000-11-29,Goalkeeper
PatrickOmari19960524,Patrick,Omari,Omari Patrick,1996-05-24,Midfielder
PayneStefan19910810,Payne,Stefan,Stefan Payne,1991-08-10,Forward
PenningtonMatthew19941006,Pennington,Matthew,Matthew Pennington,1994-10-06,Defender
PerkinsDavid19820621,Perkins,David,David Perkins,1982-06-21,Midfielder
PetersonKristoffer19941128,Peterson,Kristoffer,Kristoffer Peterson,1994-11-28,Midfielder
PikeDan20020109,Pike,Dan,Dan Pike,2002-01-09,Defender
PillingLuke19970725,Pilling,Luke,Luke Pilling,1997-07-25,Goalkeeper
PonticelliJordan19980910,Ponticelli,Jordan,Jordan Ponticelli,1998-09-10,Forward
PotterDarren19841221,Potter,Darren,Darren Potter,1984-12-21,Midfielder
PowerMax19930727,Power,Max,Max Power,1993-07-27,Midfielder
PriceJason19770412,Price,Jason,Jason Price,1977-04-12,Forward
PringleBen19890725,Pringle,Ben,Ben Pringle,1989-07-25,Midfielder
ProudlockAdam19810509,Proudlock,Adam,Adam Proudlock,1981-05-09,Forward
RachubkaPaul19810521,Rachubka,Paul,Paul Rachubka,1981-05-21,Goalkeeper
RalphAndy19830528,Ralph,Andy,Andy Ralph,1983-05-28,Goalkeeper
RamsbottomSam19960403,Ramsbottom,Sam,Sam Ramsbottom,1996-04-03,Goalkeeper
RankineMark19690930,Rankine,Mark,Mark Rankine,1969-09-30,Midfielder
RavenDavid19850310,Raven,David,David Raven,1985-03-10,Defender
RayGeorge19931013,Ray,George,George Ray,1993-10-13,Defender
RichardsEliot19910910,Richards,Eliot,Eliot Richards,1991-09-10,Forward
RickettsMichael19781204,Ricketts,Michael,Michael Ricketts,1978-12-04,Forward
RidehalghLiam19910420,Ridehalgh,Liam,Liam Ridehalgh,1991-04-20,Defender
RideoutPaul19640814,Rideout,Paul,Paul Rideout,1964-08-14,Forward
RileyMartin19861205,Riley,Martin,Martin Riley,1986-12-05,Defender
RobertsGareth19780206,Roberts,Gareth,Gareth Roberts,1978-02-06,Defender
RobinsonAndy19791103,Robinson,Andy,Andy Robinson,1979-11-03,Midfielder
RobinsonLuke20011120,Robinson,Luke,Luke Robinson,2001-11-20,Defender
RobinsonMarvin19800411,Robinson,Marvin,Marvin Robinson,1980-04-11,Forward
RobsonConor20030921,Robson,Conor,Conor Robson,2003-09-21,Goalkeeper
RogersAlan19770103,Rogers,Alan,Alan Rogers,1977-01-03,Defender
RokkaElliot19960316,Rokka,Elliot,Elliot Rokka,1996-03-16,Midfielder
RoweJames19911021,Rowe,James,James Rowe,1991-10-21,Midfielder
RussellCraig19740204,Russell,Craig,Craig Russell,1974-02-04,Forward
SantosGeorges19700815,Santos,Georges,Georges Santos,1970-08-15,Defender
SaundersHarvey19970720,Saunders,Harvey,Harvey Saunders,1997-07-20,Forward
SavageBas19820107,Savage,Bas,Bas Savage,1982-01-07,Forward
SeremetDino19800816,Seremet,Dino,Dino Seremet,1980-08-16,Goalkeeper
SharpsIan19801023,Sharps,Ian,Ian Sharps,1980-10-23,Defender
ShepherdPaul19771117,Shepherd,Paul,Paul Shepherd,1977-11-17,Forward
ShottonRyan19881030,Shotton,Ryan,Ryan Shotton,1988-10-30,Defender
ShowunmiEnoch19820421,Showunmi,Enoch,Enoch Showunmi,1982-04-21,Forward
ShukerChris19820509,Shuker,Chris,Chris Shuker,1982-05-09,Midfielder
SidibeMamady19791218,Sidibe,Mamady,Mamady Sidibe,1979-12-18,Forward
SimeuDynel20020313,Simeu,Dynel,Dynel Simeu,2002-03-13,Defender
SimonsenSteve19790403,Simonsen,Steve,Steve Simonsen,1979-04-03,Goalkeeper
SinnottLewis20020304,Sinnott,Lewis,Lewis Sinnott,2002-03-04,Defender
SmithJonny19970728,Smith,Jonny,Jonny Smith,1997-07-28,Midfielder
SmithSam19980308,Smith,Sam,Sam Smith,1998-03-08,Forward
SodjeAkpo19800131,Sodje,Akpo,Akpo Sodje,1980-01-31,Forward
SolomonDaviesJosh19991120,Solomon-Davies,Josh,Josh Solomon-Davies,1999-11-20,Defender
SolomonSol20010317,Solomon,Sol,Sol Solomon,2001-03-17,Midfielder
SonkoEdrissa19800323,Sonko,Edrissa,Edrissa Sonko,1980-03-23,Midfielder
SordellMarvin19910217,Sordell,Marvin,Marvin Sordell,1991-02-17,Forward
SousaErico19950312,Sousa,Erico,Erico Sousa,1995-03-12,Midfielder
SpearingJay19881125,Spearing,Jay,Jay Spearing,1988-11-25,Defender
SpellmanCarl20001106,Spellman,Carl,Carl Spellman,2000-11-06,Midfielder
StarbuckJoseph20020803,Starbuck,Joseph,Joseph Starbuck,2002-08-03,Midfielder
StephensonDarren19930306,Stephenson,Darren,Darren Stephenson,1993-03-06,Forward
StevensGary19630327,Stevens,Gary,Gary Stevens,1963-03-27,Defender
StockdaleRobbie19791130,Stockdale,Robbie,Robbie Stockdale,1979-11-30,Defender
StocktonCole19940313,Stockton,Cole,Cole Stockton,1994-03-13,Forward
StratulisRyan20030418,Stratulis,Ryan,Ryan Stratulis,2003-04-18,Midfielder
SummerbeeNicky19710826,Summerbee,Nicky,Nicky Summerbee,1971-08-26,Midfielder
SuttonRitchie19860429,Sutton,Ritchie,Ritchie Sutton,1986-04-29,Defender
TaylorAndy19860314,Taylor,Andy,Andy Taylor,1986-03-14,Defender
TaylorAsh19900902,Taylor,Ash,Ash Taylor,1990-09-02,Defender
TaylorFletcherGary19810604,Taylor-Fletcher,Gary,Gary Taylor-Fletcher,1981-06-04,Forward
TaylorGareth19730225,Taylor,Gareth,Gareth Taylor,1973-02-25,Forward
TaylorPerry19810129,Taylor,Perry,Perry Taylor,1981-01-29,Midfielder
TaylorRhys19900407,Taylor,Rhys,Rhys Taylor,1990-04-07,Goalkeeper
TaylorRob19850116,Taylor,Rob,Rob Taylor,1985-01-16,Defender
TaylorRyan19840819,Taylor,Ryan,Ryan Taylor,1984-08-19,Defender
TaylorSamuel20031223,Taylor,Samuel,Samuel Taylor,2003-12-23,Forward
TaylorScott19760505,Taylor,Scott,Scott Taylor,1976-05-05,Forward
TealeShaun19640310,Teale,Shaun,Shaun Teale,1964-03-10,Defender
ThomasMooreIan19760826,Thomas-Moore,Ian,Ian Thomas-Moore,1976-08-26,Forward
ThomasTony19710712,Thomas,Tony,Tony Thomas,1971-07-12,Defender
ThompsonAndy19671109,Thompson,Andy,Andy Thompson,1967-11-09,Defender
ThompsonBailey20010607,Thompson,Bailey,Bailey Thompson,2001-06-07,Midfielder
ThompsonJoe19890305,Thompson,Joe,Joe Thompson,1989-03-05,Midfielder
ThompsonJohn19811012,Thompson,John,John Thompson,1981-10-12,Defender
ThompsonJosh19910225,Thompson,Josh,Josh Thompson,1991-02-25,Defender
ThornAndy19661112,Thorn,Andy,Andy Thorn,1966-11-12,Defender
ThorntonSean19830518,Thornton,Sean,Sean Thornton,1983-05-18,Midfielder
TiryakiMustafa19870302,Tiryaki,Mustafa,Mustafa Tiryaki,1987-03-02,Forward
TollittBen19941130,Tollitt,Ben,Ben Tollitt,1994-11-30,Midfielder
TomlinsonBen19891031,Tomlinson,Ben,Ben Tomlinson,1989-10-31,Forward
TraoreDrissa19920325,Traore,Drissa,Drissa Traore,1992-03-25,Midfielder
TremarcoCarl19851011,Tremarco,Carl,Carl Tremarco,1985-10-11,Defender
TurnbullJordan19941030,Turnbull,Jordan,Jordan Turnbull,1994-10-30,Defender
TurnerCookeJay20031231,Turner-Cooke,Jay,Jay Turner-Cooke,2003-12-31,Midfielder
TurnerIain19840126,Turner,Iain,Iain Turner,1984-01-26,Goalkeeper
VaughanJames19880714,Vaughan,James,James Vaughan,1988-07-14,Forward
VaughanLee19860717,Vaughan,Lee,Lee Vaughan,1986-07-17,Defender
VaulksWill19930913,Vaulks,Will,Will Vaulks,1993-09-13,Midfielder
WalkerBrad19960425,Walker,Brad,Brad Walker,1996-04-25,Midfielder
WalkerRiceDanny20001110,Walker-Rice,Danny,Danny Walker-Rice,2000-11-10,Forward
WalkerStephen20001011,Walker,Stephen,Stephen Walker,2000-10-11,Forward
WallaceJames19911219,Wallace,James,James Wallace,1991-12-19,Midfielder
WardGavin19700630,Ward,Gavin,Gavin Ward,1970-06-30,Goalkeeper
WaringGeorge19941202,Waring,George,George Waring,1994-12-02,Forward
WarnerTony19740511,Warner,Tony,Tony Warner,1974-05-11,Goalkeeper
WarringtonLewis20021010,Warrington,Lewis,Lewis Warrington,2002-10-10,Midfielder
WaterfallLuke19900730,Waterfall,Luke,Luke Waterfall,1990-07-30,Defender
WatkinsBradley19940911,Watkins,Bradley,Bradley Watkins,1994-09-11,Goalkeeper
WatsonRyan19930707,Watson,Ryan,Ryan Watson,1993-07-07,Midfielder
WeirRobbie19881209,Weir,Robbie,Robbie Weir,1988-12-09,Midfielder
WelchKeith19681003,Welch,Keith,Keith Welch,1968-10-03,Goalkeeper
WelshJohn19840110,Welsh,John,John Welsh,1984-01-10,Midfielder
WhartonPaddy20000527,Wharton,Paddy,Paddy Wharton,2000-05-27,Goalkeeper
WhiteheadPhil19691217,Whitehead,Phil,Phil Whitehead,1969-12-17,Goalkeeper
WhitmoreTheodore19720805,Whitmore,Theodore,Theodore Whitmore,1972-08-05,Midfielder
WilliamsJosh20040713,Williams,Josh,Josh Williams,2004-07-13,Midfielder
WilliamsRyan19780831,Williams,Ryan,Ryan Williams,1978-08-31,Midfielder
WilliamsRyan19910408,Williams,Ryan,Ryan Williams,1991-04-08,Midfielder
WilsonKane20000311,Wilson,Kane,Kane Wilson,2000-03-11,Midfielder
WilsonMark19790209,Wilson,Mark,Mark Wilson,1979-02-09,Midfielder
WilsonSteve19740424,Wilson,Steve,Steve Wilson,1974-04-24,Goalkeeper
WoodConnor19960717,Wood,Connor,Connor Wood,1996-07-17,Defender
WoodNick19901109,Wood,Nick,Nick Wood,1990-11-09,Defender
WoodardsDan19831007,Woodards,Dan,Dan Woodards,1983-10-07,Defender
WoodsBilly19731024,Woods,Billy,Billy Woods,1973-10-24,Midfielder
WoodsCalum19870205,Woods,Calum,Calum Woods,1987-02-05,Defender
WoodyardAlex19930503,Woodyard,Alex,Alex Woodyard,1993-05-03,Midfielder
WooleryKaiyne19950111,Woolery,Kaiyne,Kaiyne Woolery,1995-01-11,Midfielder
WoottonScott19910912,Wootton,Scott,Scott Wootton,1991-09-12,Defender
YarneyJosef19971008,Yarney,Josef,Josef Yarney,1997-10-08,Defender
YatesSteve19700129,Yates,Steve,Steve Yates,1970-01-29,Defender
YoungJack20001021,Young,Jack,Jack Young,2000-10-21,Midfielder
ZolaCalvin19841231,Zola,Calvin,Calvin Zola,1984-12-31,Forward
